youtube_mins_daily,social_media_mins_daily,gaming_mins_daily,productivity_mins_daily,streaming_mins_daily,total_app_usage_mins,screen_on_hours,night_usage_pct,app_switches_per_hour,avg_session_duration_mins,num_sessions_daily,age,user_profile
56.8,268.4,11.2,27.5,0.0,364.0,6.71,0.104,6.3,9.6,38,41,social_butterfly
31.7,0.0,197.6,12.5,45.1,286.8,5.9,0.353,2.3,86.9,3,56,gamer
68.1,25.5,69.7,78.1,43.4,284.8,5.43,0.162,14.6,36.8,7,62,mixed_user
17.7,41.7,298.1,17.6,99.3,474.4,8.99,0.306,5.9,76.3,6,60,gamer
218.2,32.8,39.5,39.6,98.5,428.5,8.56,0.225,9.1,18.2,23,36,content_consumer
54.5,45.0,207.0,30.0,60.1,396.6,7.6,0.392,4.0,84.5,4,47,gamer
59.9,168.8,20.6,47.9,24.7,322.0,6.32,0.137,6.9,14.7,21,57,social_butterfly
161.0,60.2,25.3,0.0,73.2,319.7,5.95,0.149,7.1,18.5,17,25,content_consumer
107.4,40.2,38.3,0.0,103.5,289.5,5.77,0.148,9.4,29.0,9,61,content_consumer
83.5,28.5,109.3,22.9,62.9,307.1,5.94,0.253,4.8,53.2,5,60,gamer
52.9,128.3,163.2,78.9,36.2,459.5,9.14,0.206,10.0,31.0,14,13,mixed_user
51.7,96.6,102.6,72.9,80.4,404.3,7.25,0.288,15.0,15.3,26,32,mixed_user
226.2,98.1,38.5,34.1,55.3,452.1,8.4,0.15,8.5,27.3,16,26,content_consumer
83.7,142.5,309.2,14.9,55.7,605.9,10.88,0.324,5.9,81.2,7,17,gamer
42.2,112.5,4.9,0.0,11.3,171.0,3.6,0.275,7.1,17.1,9,33,social_butterfly
118.6,33.6,77.3,59.2,34.4,323.1,5.94,0.168,11.3,26.3,12,37,mixed_user
0.0,221.3,16.9,45.5,38.8,322.5,6.72,0.182,7.3,16.9,19,34,social_butterfly
58.0,163.4,16.3,27.3,20.2,285.1,5.94,0.135,9.6,9.2,30,40,social_butterfly
89.6,41.2,44.1,44.2,34.6,253.7,4.82,0.271,12.5,11.4,22,51,mixed_user
42.5,87.8,6.8,105.7,55.3,298.2,6.13,0.223,12.0,21.6,13,48,mixed_user
38.9,57.7,15.0,233.0,15.0,359.7,6.71,0.052,10.9,10.7,33,45,productivity_focused
27.7,26.9,74.5,80.7,52.6,262.5,5.42,0.25,13.4,20.2,12,53,mixed_user
77.0,73.5,26.6,18.0,45.2,240.4,4.9,0.279,14.7,38.5,6,49,mixed_user
110.3,31.5,128.6,0.6,58.1,329.1,6.93,0.408,5.6,51.1,6,59,gamer
241.0,81.2,32.3,37.8,69.8,462.1,9.09,0.116,10.7,38.4,12,24,content_consumer
29.3,90.0,162.7,116.7,28.6,427.3,7.87,0.122,13.4,34.7,12,16,mixed_user
36.2,55.9,22.0,159.9,28.4,302.4,5.61,0.12,9.4,27.5,10,15,productivity_focused
91.6,197.1,41.2,35.6,37.0,402.6,7.67,0.146,11.8,19.3,20,23,mixed_user
65.7,97.7,87.3,70.3,18.0,339.1,6.56,0.262,14.8,35.3,9,40,mixed_user
53.6,57.9,30.1,122.4,61.8,325.8,6.84,0.254,8.9,38.6,8,46,mixed_user
18.2,93.5,342.2,7.5,96.5,558.0,10.32,0.413,3.9,55.2,10,13,gamer
32.3,26.3,6.6,93.5,46.7,205.3,4.36,0.085,11.0,38.5,5,26,productivity_focused
163.1,10.1,29.9,26.0,134.9,364.0,6.81,0.207,7.4,36.9,9,29,content_consumer
16.8,5.9,275.3,10.0,81.4,389.2,7.33,0.268,4.0,71.4,5,41,gamer
161.8,29.0,10.7,28.7,68.1,298.2,5.95,0.252,10.0,36.9,8,59,content_consumer
16.2,21.7,212.2,6.3,43.2,299.6,6.23,0.254,5.6,65.6,4,59,gamer
105.9,29.3,18.2,262.3,47.2,462.9,8.59,0.086,9.2,17.1,27,15,productivity_focused
388.9,124.4,37.9,22.6,126.3,700.1,13.09,0.263,8.9,27.1,25,18,content_consumer
42.7,111.5,36.9,35.3,34.7,261.1,5.36,0.164,6.4,15.3,17,56,social_butterfly
131.8,40.5,6.7,39.3,108.6,326.9,6.05,0.266,5.5,32.2,10,49,content_consumer
42.2,54.7,217.7,11.8,66.3,392.7,7.57,0.313,5.6,67.4,5,41,gamer
91.0,9.7,127.1,7.5,51.6,287.0,5.51,0.273,5.5,59.7,4,27,gamer
20.8,18.0,18.3,137.2,26.1,220.4,4.94,0.125,10.6,14.5,15,39,productivity_focused
43.0,261.8,29.9,64.1,52.9,451.7,8.63,0.136,11.6,7.3,61,24,social_butterfly
63.3,58.1,273.7,17.2,26.3,438.6,8.39,0.264,2.5,89.1,4,30,gamer
86.5,77.0,98.3,5.8,100.9,368.4,6.69,0.141,14.4,20.4,18,35,mixed_user
23.7,142.9,15.5,36.3,10.1,228.5,4.34,0.172,6.2,19.4,11,46,social_butterfly
196.6,60.0,33.2,9.8,96.0,395.6,7.84,0.26,5.5,33.3,11,34,content_consumer
56.0,0.0,279.6,17.4,33.0,385.9,7.69,0.304,5.5,54.5,7,14,gamer
69.4,55.2,300.1,20.0,18.4,463.1,8.46,0.411,4.7,42.3,10,15,gamer
55.4,166.9,21.0,47.4,53.2,343.9,6.86,0.152,10.4,10.4,32,60,social_butterfly
55.4,39.1,51.8,63.7,88.1,298.1,6.36,0.136,10.8,16.5,18,47,mixed_user
3.0,25.9,0.0,207.6,55.1,291.5,6.19,0.051,9.4,24.8,11,58,productivity_focused
81.5,49.6,74.1,11.5,56.0,272.7,5.65,0.264,4.3,58.6,4,29,gamer
42.2,4.6,9.9,147.1,0.0,203.8,4.67,0.084,8.2,12.3,16,34,productivity_focused
167.5,55.1,0.0,9.1,80.1,311.7,6.61,0.258,10.1,34.2,9,56,content_consumer
28.6,1.8,14.3,190.4,29.1,264.1,5.82,0.062,10.6,32.4,8,28,productivity_focused
72.4,12.5,28.0,4.4,141.1,258.4,5.53,0.214,8.6,22.8,11,47,content_consumer
94.7,146.0,54.5,114.3,124.0,533.5,10.27,0.18,8.8,20.6,25,14,mixed_user
46.7,156.6,44.9,25.1,17.9,291.2,5.48,0.29,9.2,18.6,15,16,social_butterfly
144.1,171.3,6.6,67.6,39.5,429.0,7.84,0.265,15.0,15.2,28,19,mixed_user
21.0,218.2,10.5,0.0,18.0,267.8,5.24,0.278,10.1,9.2,29,62,social_butterfly
30.9,202.8,12.1,34.5,39.6,319.9,6.31,0.281,10.1,12.8,24,50,social_butterfly
111.6,89.2,85.0,82.6,80.7,449.1,8.67,0.24,10.3,32.3,13,40,mixed_user
91.9,60.1,30.1,0.0,78.7,260.9,4.86,0.256,7.7,15.4,16,48,content_consumer
12.4,26.1,11.9,233.7,9.6,293.7,5.46,0.097,9.7,23.4,12,34,productivity_focused
19.2,0.0,12.1,234.0,0.0,265.3,5.92,0.06,10.9,33.2,7,64,productivity_focused
45.3,302.3,30.6,66.9,13.2,458.3,8.54,0.188,11.1,15.7,29,23,social_butterfly
49.2,36.0,195.9,19.5,69.3,369.9,6.8,0.432,4.4,66.4,5,56,gamer
101.7,211.8,32.2,0.0,54.1,399.9,7.96,0.297,11.8,15.8,25,21,social_butterfly
10.7,34.0,10.0,122.1,47.6,224.3,4.8,0.083,5.6,21.9,10,37,productivity_focused
162.8,61.3,28.7,21.5,79.0,353.5,7.34,0.241,10.0,36.1,9,51,content_consumer
32.3,54.0,8.0,245.9,31.0,371.2,7.42,0.122,8.3,32.3,11,32,productivity_focused
146.4,135.5,75.3,66.3,58.6,482.1,8.73,0.144,13.1,32.3,14,44,mixed_user
59.4,362.7,51.1,88.9,29.8,591.9,10.76,0.275,11.4,8.2,72,16,social_butterfly
43.6,41.1,132.9,31.6,3.8,252.9,5.35,0.444,5.5,56.7,4,52,gamer
68.0,22.2,178.8,0.0,101.5,370.5,7.07,0.341,4.7,38.7,9,37,gamer
108.5,205.5,42.7,46.9,70.6,474.1,8.88,0.241,8.7,19.0,24,20,social_butterfly
118.0,51.4,12.8,20.1,95.6,297.9,6.33,0.151,7.2,31.1,9,47,content_consumer
73.2,278.0,19.8,51.5,35.9,458.4,8.32,0.232,10.8,18.0,25,20,social_butterfly
52.1,58.7,16.4,122.8,49.5,299.6,5.6,0.066,10.5,27.0,11,39,productivity_focused
9.2,68.9,11.2,161.8,36.3,287.4,6.16,0.062,7.8,30.9,9,16,productivity_focused
0.0,288.4,25.6,25.4,51.3,390.7,7.77,0.176,7.4,10.7,36,37,social_butterfly
13.1,55.4,11.9,62.5,48.1,191.1,4.4,0.104,6.7,18.9,10,49,social_butterfly
152.0,47.2,39.2,55.2,110.9,404.5,7.77,0.162,5.9,15.4,26,33,content_consumer
44.4,30.4,1.4,151.7,32.9,260.7,5.76,0.098,11.7,28.0,9,22,productivity_focused
90.3,115.6,43.8,27.2,60.3,337.1,6.68,0.256,8.7,28.7,11,34,mixed_user
47.6,36.8,150.3,39.7,0.0,274.4,5.25,0.378,2.6,46.5,5,62,gamer
110.3,26.2,279.8,31.3,38.6,486.2,8.69,0.369,4.1,34.1,14,30,gamer
62.9,97.1,5.5,26.7,77.0,269.1,5.44,0.234,11.3,11.8,22,39,mixed_user
69.5,40.2,152.0,3.1,87.5,352.2,6.37,0.383,2.6,89.5,3,48,gamer
41.6,36.6,48.7,93.5,34.4,254.8,5.61,0.265,10.4,21.4,11,56,mixed_user
40.6,312.9,41.3,19.4,82.2,496.3,9.16,0.286,10.0,7.1,69,21,social_butterfly
92.3,140.6,19.7,9.3,72.8,334.7,7.05,0.264,9.2,16.5,20,26,social_butterfly
273.8,116.9,37.4,4.2,26.7,459.1,8.23,0.293,5.0,10.5,43,15,content_consumer
61.1,22.8,235.6,9.4,37.7,366.5,6.73,0.303,2.9,43.2,8,35,gamer
82.2,37.6,19.2,34.8,69.7,243.5,4.97,0.135,10.5,27.5,8,48,content_consumer
4.6,37.6,3.5,120.3,32.7,198.7,3.88,0.087,5.9,35.9,5,51,productivity_focused
10.7,119.3,47.1,25.8,23.3,226.2,4.96,0.115,9.6,18.4,12,30,social_butterfly
50.8,55.2,8.7,149.8,23.9,288.4,5.34,0.116,7.7,23.9,12,27,productivity_focused
23.4,65.6,71.0,90.2,84.9,335.1,6.71,0.233,11.7,11.3,29,64,mixed_user
43.5,39.6,57.6,94.1,54.2,289.1,5.84,0.231,10.6,26.5,10,33,mixed_user
23.0,128.4,19.7,26.7,6.5,204.3,4.72,0.152,10.2,13.4,15,62,social_butterfly
234.8,69.8,30.6,18.6,86.6,440.3,8.56,0.293,10.3,32.3,13,44,content_consumer
64.9,18.6,227.5,25.2,56.2,392.3,7.85,0.395,2.8,63.3,6,31,gamer
4.1,10.7,17.4,261.9,64.4,358.5,7.32,0.054,7.3,14.5,24,51,productivity_focused
24.6,95.3,33.8,36.8,0.0,190.5,4.09,0.106,8.6,15.9,12,31,social_butterfly
187.2,76.2,34.4,10.6,123.1,431.6,8.52,0.227,10.5,25.5,16,64,content_consumer
16.1,167.4,11.4,26.6,55.4,276.9,5.85,0.229,7.9,17.6,15,48,social_butterfly
81.2,279.7,5.7,44.4,81.9,492.8,9.3,0.204,11.1,17.6,27,21,social_butterfly
132.6,49.0,14.2,22.1,79.0,296.9,6.37,0.291,10.5,39.2,7,61,content_consumer
20.0,173.7,24.8,32.0,11.7,262.3,5.28,0.28,11.6,5.8,45,43,social_butterfly
17.2,228.4,5.0,78.3,42.0,370.9,7.03,0.104,11.9,8.4,44,26,social_butterfly
37.6,153.3,36.5,28.3,19.3,275.0,5.57,0.128,8.2,16.2,16,55,social_butterfly
28.3,188.1,10.7,14.0,27.9,269.1,5.74,0.104,8.9,16.3,16,59,social_butterfly
40.8,80.7,304.9,13.2,145.8,585.4,10.36,0.34,4.1,47.2,12,14,gamer
35.7,5.2,0.0,233.2,6.6,280.6,5.79,0.141,6.3,36.8,7,48,productivity_focused
24.0,12.5,15.0,179.5,29.5,260.5,4.96,0.113,5.1,26.8,9,55,productivity_focused
44.3,8.6,273.9,12.6,58.6,397.9,8.12,0.414,3.3,40.4,9,37,gamer
21.4,23.7,5.9,146.9,0.0,197.9,4.55,0.094,6.8,10.9,18,38,productivity_focused
14.5,27.3,9.0,167.1,33.8,251.6,4.97,0.119,7.1,29.6,8,46,productivity_focused
69.4,110.3,112.0,51.7,20.8,364.3,6.95,0.273,11.0,11.3,32,24,mixed_user
37.8,21.1,18.4,204.8,25.6,307.6,6.19,0.133,5.5,17.9,17,38,productivity_focused
189.3,84.0,0.0,4.2,47.3,324.7,6.66,0.113,5.6,17.2,18,45,content_consumer
47.0,21.3,28.6,223.0,12.9,332.8,6.54,0.059,9.0,25.5,13,42,productivity_focused
35.2,187.2,30.4,10.3,28.3,291.3,5.53,0.226,6.6,16.8,17,24,social_butterfly
85.2,67.5,98.1,68.7,51.8,371.4,7.05,0.221,12.4,24.1,15,56,mixed_user
40.4,189.8,25.1,51.7,25.6,332.5,6.61,0.179,10.7,13.0,25,32,social_butterfly
41.8,55.3,60.6,61.9,43.9,263.5,5.62,0.282,8.0,29.1,9,53,mixed_user
78.8,59.2,4.1,28.8,133.4,304.4,5.67,0.184,11.6,30.1,10,57,content_consumer
40.4,111.7,9.1,164.1,45.0,370.4,7.2,0.103,8.4,27.3,13,14,productivity_focused
225.7,54.8,0.3,35.7,76.6,393.1,7.46,0.155,11.4,22.9,17,33,content_consumer
26.7,137.4,23.6,0.0,8.3,196.0,4.41,0.278,9.5,10.1,19,60,social_butterfly
237.5,115.6,81.0,1.5,66.3,501.9,9.85,0.121,8.7,14.1,35,23,content_consumer
79.9,34.4,0.0,14.7,86.3,215.2,4.98,0.299,8.8,14.6,14,58,content_consumer
46.8,39.5,144.0,25.6,36.0,291.8,6.07,0.262,2.7,65.0,4,46,gamer
0.0,65.0,98.5,133.5,18.1,315.2,6.15,0.271,12.2,20.6,15,25,mixed_user
74.9,23.0,245.3,11.4,109.0,463.7,8.26,0.28,4.0,61.3,7,33,gamer
0.0,118.4,313.9,17.2,48.4,498.0,9.63,0.368,2.0,68.4,7,35,gamer
67.8,251.2,52.1,76.7,44.8,492.5,9.64,0.195,7.5,17.1,28,20,social_butterfly
68.8,225.7,35.9,40.3,24.0,394.6,7.83,0.264,7.8,15.8,24,42,social_butterfly
72.5,247.6,21.8,32.1,36.6,410.7,8.29,0.101,10.9,8.6,47,16,social_butterfly
15.3,27.2,242.0,5.6,74.9,365.0,6.9,0.418,4.6,37.4,9,14,gamer
63.2,120.5,53.5,136.8,79.5,453.6,8.59,0.243,9.0,33.3,13,35,mixed_user
53.4,152.6,15.6,30.3,63.9,315.8,5.83,0.193,5.9,13.5,23,43,social_butterfly
44.0,90.2,121.0,57.1,77.7,390.0,7.96,0.123,9.0,17.6,22,16,mixed_user
23.1,78.4,47.0,55.0,41.9,245.4,4.95,0.177,8.0,35.8,6,49,mixed_user
131.9,33.7,27.8,14.4,174.2,381.9,7.74,0.259,5.9,32.1,11,49,content_consumer
26.9,68.1,33.9,86.1,38.7,253.8,4.84,0.209,8.9,22.4,11,56,mixed_user
38.6,23.5,189.7,21.2,61.0,334.0,6.11,0.386,4.3,34.6,9,59,gamer
48.7,114.0,0.0,35.1,64.7,262.5,5.85,0.105,7.8,9.5,27,53,social_butterfly
69.2,29.0,54.7,22.6,72.3,247.8,5.21,0.289,5.5,21.0,11,53,content_consumer
11.6,107.1,17.7,37.6,68.1,242.1,5.48,0.158,9.4,11.7,20,56,social_butterfly
147.7,27.3,38.5,29.8,97.4,340.8,6.94,0.209,11.3,30.2,11,62,content_consumer
200.5,101.0,0.0,26.9,171.0,499.4,8.9,0.103,11.7,25.6,19,23,content_consumer
29.0,179.6,69.3,90.2,16.2,384.3,7.57,0.292,13.5,21.3,18,20,mixed_user
31.7,36.2,236.0,15.7,24.7,344.2,6.64,0.382,4.1,58.9,5,55,gamer
13.6,0.0,20.1,145.8,36.9,216.3,4.67,0.092,5.2,35.2,6,32,productivity_focused
44.6,40.6,0.0,279.2,33.2,397.5,7.88,0.064,10.3,34.7,11,17,productivity_focused
113.5,21.8,50.9,96.0,42.4,324.7,6.12,0.173,13.8,11.4,28,62,mixed_user
11.0,43.5,11.1,232.6,16.4,314.5,5.78,0.105,11.8,16.8,18,41,productivity_focused
3.3,260.9,37.3,25.0,68.3,394.8,7.38,0.264,12.0,11.1,35,32,social_butterfly
88.5,248.9,26.3,13.8,19.2,396.8,7.89,0.154,10.0,16.4,24,34,social_butterfly
274.8,31.0,34.3,15.9,98.8,454.7,8.2,0.272,9.7,14.7,30,13,content_consumer
152.6,43.8,0.0,18.9,108.2,323.5,6.63,0.103,10.9,12.9,25,61,content_consumer
44.0,52.5,243.5,15.1,30.2,385.2,7.64,0.274,5.5,78.5,4,41,gamer
26.3,35.8,2.5,218.6,41.7,324.8,6.75,0.113,7.7,15.7,20,56,productivity_focused
121.4,219.1,62.4,19.3,0.0,422.2,8.22,0.114,10.1,6.7,62,18,social_butterfly
10.7,15.9,13.4,177.6,25.5,243.1,4.73,0.105,6.4,25.6,9,41,productivity_focused
174.8,9.8,35.7,34.2,38.6,293.1,6.35,0.219,9.2,28.7,10,15,content_consumer
11.9,64.1,0.0,286.8,37.8,400.7,7.7,0.11,11.6,32.1,12,42,productivity_focused
131.7,57.4,55.0,16.6,101.2,362.0,7.47,0.19,12.7,39.3,9,34,mixed_user
156.6,35.2,24.7,24.5,0.0,240.9,5.51,0.223,10.7,11.5,20,62,content_consumer
90.4,42.9,30.9,62.6,33.5,260.4,5.57,0.219,11.5,18.5,14,45,mixed_user
61.6,68.6,3.1,181.9,35.2,350.4,6.92,0.083,10.5,22.3,15,15,productivity_focused
43.9,101.3,23.2,45.8,80.8,295.0,5.86,0.14,13.4,22.3,13,50,mixed_user
40.1,19.4,24.1,227.9,21.9,333.4,6.86,0.081,7.5,34.9,9,13,productivity_focused
38.8,22.7,9.3,184.3,0.0,255.1,5.69,0.082,8.7,33.8,7,58,productivity_focused
73.3,169.9,27.8,77.6,25.4,373.9,7.43,0.198,13.5,18.9,19,24,mixed_user
76.0,22.3,151.9,12.8,40.7,303.8,6.08,0.312,4.3,89.2,3,42,gamer
91.8,219.5,12.0,40.7,0.0,363.9,7.44,0.104,8.6,6.7,54,45,social_butterfly
39.1,0.0,16.4,177.7,13.5,246.7,5.17,0.072,10.9,34.6,7,15,productivity_focused
55.5,8.2,74.6,66.5,42.5,247.4,4.64,0.178,10.7,26.3,9,63,mixed_user
0.0,73.7,72.5,75.2,55.2,276.7,5.34,0.212,8.5,21.1,13,40,mixed_user
54.2,24.4,222.4,11.0,38.3,350.3,6.97,0.405,5.1,75.1,4,64,gamer
74.8,78.8,79.4,39.8,70.9,343.6,6.42,0.178,14.2,27.4,12,64,mixed_user
44.0,15.3,16.6,92.0,30.8,198.7,4.67,0.141,10.8,29.8,6,54,productivity_focused
3.8,43.0,12.1,188.0,2.0,248.9,5.47,0.119,10.7,33.3,7,50,productivity_focused
58.2,66.7,7.7,154.6,0.0,287.2,5.7,0.132,11.2,19.8,14,18,productivity_focused
42.6,58.2,32.6,85.7,81.9,301.1,6.49,0.3,10.9,13.9,21,52,mixed_user
71.3,79.2,6.0,30.4,143.4,330.2,6.04,0.202,7.7,12.1,27,33,content_consumer
42.6,18.6,25.3,205.0,4.0,295.6,6.35,0.087,11.0,23.8,12,31,productivity_focused
138.4,57.3,22.9,116.9,113.9,449.4,8.69,0.114,12.9,23.7,18,26,mixed_user
30.1,38.4,6.0,80.3,0.0,154.8,3.77,0.104,5.5,32.2,4,41,productivity_focused
122.9,32.5,23.7,8.6,44.8,232.5,5.24,0.237,6.4,16.5,14,55,content_consumer
42.5,58.8,8.8,170.9,17.7,298.7,5.55,0.132,5.5,16.3,18,43,productivity_focused
75.8,73.1,18.8,20.3,8.6,196.7,3.8,0.151,10.4,6.1,31,32,social_butterfly
90.5,93.7,89.7,27.6,65.9,367.4,7.1,0.201,10.1,34.7,10,35,mixed_user
148.8,76.5,36.8,30.2,73.4,365.7,7.13,0.213,8.3,29.7,12,46,content_consumer
58.9,44.7,150.0,0.0,22.3,275.9,5.55,0.353,4.9,60.8,4,50,gamer
95.3,105.3,47.5,51.0,48.5,347.6,7.15,0.137,12.0,14.3,24,16,mixed_user
35.5,129.3,25.3,40.4,80.7,311.2,6.02,0.235,5.0,18.1,17,47,social_butterfly
14.7,17.5,0.0,192.5,10.0,234.6,5.36,0.111,10.4,31.1,7,32,productivity_focused
36.5,49.0,251.8,29.6,23.8,390.7,7.49,0.256,5.6,60.6,6,30,gamer
81.7,28.7,285.4,22.6,30.6,448.9,8.45,0.272,5.2,53.5,8,35,gamer
5.3,28.4,0.0,190.1,28.2,252.0,5.63,0.057,7.9,18.8,13,55,productivity_focused
54.7,274.0,63.3,49.7,61.7,503.4,9.84,0.201,10.0,15.6,32,14,social_butterfly
32.4,15.7,146.6,23.5,36.4,254.5,4.83,0.417,2.2,35.5,7,58,gamer
183.7,0.2,45.9,30.9,58.2,318.8,6.11,0.251,10.0,35.7,8,24,content_consumer
40.3,333.8,10.9,13.5,24.8,423.3,7.74,0.221,5.8,15.2,27,24,social_butterfly
19.4,46.7,45.0,29.7,46.7,187.4,4.36,0.216,10.9,26.8,6,58,mixed_user
123.5,91.9,82.2,25.4,127.4,450.5,8.13,0.217,14.0,16.7,26,20,mixed_user
81.7,69.6,0.0,34.9,42.6,228.7,4.54,0.215,14.3,33.8,6,25,mixed_user
293.3,14.4,0.0,13.2,112.1,433.0,8.1,0.215,5.8,38.0,11,29,content_consumer
26.5,43.2,17.6,117.9,2.0,207.2,4.88,0.057,9.6,12.3,16,37,productivity_focused
50.6,117.7,0.0,61.9,31.1,261.3,5.39,0.156,5.3,11.3,23,48,social_butterfly
114.0,28.7,33.5,12.5,88.0,276.8,5.49,0.226,7.8,23.3,11,57,content_consumer
47.6,117.0,64.9,0.0,21.5,251.0,5.6,0.187,14.2,26.8,9,35,mixed_user
46.7,62.8,20.8,109.8,86.3,326.3,6.89,0.176,12.8,13.6,23,55,mixed_user
90.4,68.1,93.2,94.8,54.8,401.4,7.97,0.134,10.8,13.0,30,35,mixed_user
145.2,53.3,42.7,12.3,85.2,338.8,6.41,0.274,9.0,21.8,15,26,content_consumer
196.4,39.3,50.9,32.3,48.0,366.9,6.98,0.295,6.4,12.8,28,38,content_consumer
19.1,115.1,16.3,12.1,61.0,223.6,4.31,0.25,8.7,7.4,30,55,social_butterfly
34.2,25.0,159.7,6.9,9.6,235.5,4.83,0.284,3.0,88.6,2,49,gamer
14.0,113.7,2.1,20.0,64.4,214.1,4.74,0.121,6.9,6.2,34,64,social_butterfly
61.6,82.9,24.8,144.3,58.5,372.1,7.69,0.224,14.0,16.0,23,54,mixed_user
62.6,112.0,37.2,6.8,12.8,231.5,5.01,0.253,14.9,30.2,7,55,mixed_user
89.4,128.6,75.5,105.6,16.9,416.0,8.09,0.112,15.0,15.5,26,24,mixed_user
65.6,51.3,295.1,11.8,52.3,476.1,8.86,0.395,5.2,65.5,7,24,gamer
114.5,7.0,35.8,17.4,120.9,295.6,5.57,0.298,7.2,35.1,8,51,content_consumer
55.7,8.1,227.4,32.3,85.0,408.5,7.87,0.275,3.3,83.7,4,50,gamer
5.1,9.0,2.4,181.2,20.5,218.3,4.99,0.132,9.7,39.7,5,26,productivity_focused
38.1,241.3,60.2,0.0,71.9,411.5,7.68,0.181,9.4,6.9,59,20,social_butterfly
91.2,77.4,255.2,16.2,44.9,484.8,9.25,0.307,2.5,87.8,5,24,gamer
235.3,37.4,50.4,27.0,89.0,439.1,7.88,0.228,6.8,19.2,22,38,content_consumer
95.2,16.1,324.3,25.1,72.5,533.3,9.73,0.432,4.8,49.9,10,13,gamer
8.1,73.8,23.6,74.7,15.2,195.3,4.33,0.088,9.6,39.9,4,23,productivity_focused
91.3,36.6,314.2,30.1,94.4,566.7,10.4,0.262,2.6,58.6,9,42,gamer
24.5,21.7,113.2,11.4,24.8,195.6,3.82,0.258,4.2,34.8,5,62,gamer
80.3,66.6,251.7,28.7,3.7,431.0,8.21,0.401,4.5,79.7,5,26,gamer
13.4,3.4,29.5,201.7,0.0,248.1,5.63,0.117,11.9,12.6,19,19,productivity_focused
35.6,116.6,4.0,57.3,47.1,260.6,5.3,0.143,8.5,16.5,15,45,mixed_user
11.7,95.3,43.3,85.2,14.7,250.2,5.29,0.104,13.9,26.3,9,54,mixed_user
74.9,234.8,24.4,20.4,8.6,363.2,6.6,0.202,8.5,5.9,61,19,social_butterfly
149.1,50.3,0.0,40.3,126.5,366.2,7.06,0.115,6.2,11.8,31,35,content_consumer
0.0,36.8,0.0,140.5,26.5,203.9,3.9,0.056,5.2,39.7,5,17,productivity_focused
125.0,94.0,2.1,11.5,114.8,347.5,6.84,0.166,9.8,38.8,8,38,content_consumer
50.8,41.5,9.4,205.0,17.0,323.7,6.23,0.092,5.4,30.8,10,36,productivity_focused
169.5,74.2,11.7,21.6,141.3,418.3,8.47,0.132,6.5,20.7,20,47,content_consumer
29.9,33.6,7.9,117.7,14.1,203.2,4.54,0.107,10.5,26.9,7,55,productivity_focused
16.3,235.7,11.1,30.8,0.0,293.8,6.31,0.22,5.6,9.8,30,21,social_butterfly
186.8,43.2,37.4,32.8,174.8,475.0,8.82,0.151,10.7,22.9,20,15,content_consumer
7.8,17.7,10.6,151.6,8.2,195.9,4.36,0.093,9.1,10.4,18,63,productivity_focused
0.0,266.8,42.7,27.9,65.0,402.4,7.77,0.277,9.5,9.8,41,43,social_butterfly
151.6,49.0,30.0,37.3,44.7,312.6,6.47,0.202,11.5,19.1,16,42,content_consumer
45.2,33.1,14.2,199.1,12.7,304.2,6.3,0.071,9.5,21.9,13,43,productivity_focused
145.5,51.4,12.2,35.8,68.0,312.9,6.37,0.175,6.7,19.5,16,59,content_consumer
59.0,35.3,63.6,50.0,81.5,289.4,5.38,0.229,8.0,23.4,12,54,mixed_user
160.3,33.0,26.6,9.2,123.8,353.0,6.64,0.228,5.6,15.8,22,51,content_consumer
77.2,67.3,21.2,152.0,62.9,380.6,7.3,0.296,12.9,20.9,18,54,mixed_user
15.7,106.4,42.0,57.7,82.3,304.1,5.8,0.15,9.0,10.3,29,36,mixed_user
63.3,58.1,159.6,11.3,39.0,331.4,6.49,0.351,2.3,69.8,4,13,gamer
97.2,31.3,181.0,19.0,56.1,384.6,7.66,0.449,3.9,81.7,4,41,gamer
148.8,52.1,30.5,22.2,78.5,332.0,6.96,0.241,10.0,13.3,24,55,content_consumer
293.5,46.2,59.5,0.0,86.3,485.4,9.33,0.235,8.7,11.1,43,18,content_consumer
41.3,46.5,88.8,72.9,55.5,305.1,6.44,0.153,8.1,37.1,8,30,mixed_user
173.0,48.4,0.0,27.1,16.8,265.2,5.8,0.262,10.0,39.8,6,20,content_consumer
14.3,180.8,29.3,12.2,48.0,284.5,5.31,0.252,8.3,16.1,17,35,social_butterfly
111.7,42.0,22.2,57.3,76.5,309.7,6.25,0.134,9.5,14.7,21,52,content_consumer
139.6,31.8,261.6,24.0,81.8,538.8,10.33,0.44,3.9,58.7,9,18,gamer
69.7,58.0,10.4,153.6,40.5,332.2,6.39,0.11,6.7,19.0,17,15,productivity_focused
1.5,56.8,5.4,172.5,3.5,239.7,5.3,0.088,9.0,35.6,6,28,productivity_focused
10.9,21.8,3.8,140.5,24.9,201.9,3.99,0.084,6.7,23.3,8,60,productivity_focused
51.5,229.4,24.1,25.1,54.9,385.0,7.29,0.123,6.5,18.1,21,22,social_butterfly
197.8,56.9,18.5,0.0,117.9,391.2,7.59,0.186,11.6,28.7,13,38,content_consumer
24.9,27.8,26.2,247.2,0.0,326.2,6.4,0.113,7.0,32.5,10,28,productivity_focused
43.5,0.0,317.4,24.5,19.6,405.0,7.7,0.352,3.3,53.3,7,15,gamer
300.1,104.2,78.7,33.3,120.4,636.8,12.09,0.162,5.8,35.3,18,14,content_consumer
86.4,52.4,190.4,11.2,43.0,383.4,7.57,0.336,3.1,61.1,6,63,gamer
21.4,49.0,16.1,125.7,11.6,223.8,4.93,0.103,7.1,26.0,8,23,productivity_focused
118.3,84.9,328.8,23.9,25.0,580.8,10.51,0.375,4.1,41.9,13,16,gamer
117.5,103.9,0.0,80.0,73.3,374.8,7.55,0.169,13.2,11.1,33,20,mixed_user
29.4,31.0,225.9,3.0,19.3,308.6,5.92,0.347,3.0,41.7,7,56,gamer
31.1,27.5,186.5,10.6,89.6,345.3,6.68,0.274,3.7,32.4,10,64,gamer
9.0,186.1,26.9,35.4,27.4,284.9,6.24,0.294,9.4,11.8,24,62,social_butterfly
17.7,16.2,226.1,16.8,11.9,288.7,5.48,0.3,4.1,81.6,3,35,gamer
15.2,37.7,3.8,200.6,4.4,261.7,5.58,0.063,7.1,15.5,16,49,productivity_focused
43.3,53.7,14.8,179.4,26.9,318.1,6.05,0.148,8.0,27.0,11,13,productivity_focused
89.3,33.0,30.1,11.6,158.2,322.2,6.49,0.127,7.5,38.1,8,37,content_consumer
14.3,233.5,28.0,14.7,13.4,303.9,5.96,0.157,11.8,10.7,28,45,social_butterfly
111.7,127.7,171.8,85.0,74.3,570.5,10.5,0.189,11.3,15.0,37,15,mixed_user
4.1,147.8,28.6,52.1,25.0,257.6,4.87,0.182,8.6,16.3,15,60,social_butterfly
36.0,156.9,31.5,37.4,36.7,298.6,5.95,0.195,8.0,6.7,44,55,social_butterfly
320.2,98.5,26.6,10.3,93.4,548.9,10.62,0.18,6.2,25.4,21,16,content_consumer
18.1,25.2,14.6,171.3,5.1,234.2,5.29,0.075,7.0,15.5,15,31,productivity_focused
229.2,104.3,35.6,0.0,75.2,444.3,8.47,0.252,11.2,36.8,12,21,content_consumer
46.7,168.4,20.3,40.3,0.0,275.6,6.05,0.181,10.1,10.4,26,33,social_butterfly
161.0,52.3,19.2,32.0,15.6,280.1,6.08,0.225,11.6,33.6,8,32,content_consumer
319.2,113.2,90.7,54.2,43.0,620.3,11.82,0.112,7.1,12.7,48,14,content_consumer
23.3,22.8,15.0,101.8,7.3,170.3,3.77,0.098,6.7,16.7,10,30,productivity_focused
32.0,19.8,227.6,15.5,56.8,351.7,7.02,0.364,2.4,57.5,6,59,gamer
43.6,211.2,8.2,0.0,25.1,288.2,5.83,0.153,10.2,5.7,50,21,social_butterfly
16.6,0.5,49.1,66.6,78.4,211.2,4.74,0.176,9.9,21.9,9,56,mixed_user
10.1,6.9,10.3,240.3,2.1,269.8,5.54,0.059,5.1,25.3,10,18,productivity_focused
78.2,23.3,42.5,20.5,94.1,258.5,5.17,0.137,7.3,30.8,8,50,content_consumer
22.5,28.1,9.1,188.0,11.2,258.9,5.35,0.066,8.6,31.7,8,59,productivity_focused
183.0,79.1,37.8,0.0,52.4,352.2,6.87,0.111,10.0,13.2,26,22,content_consumer
24.4,20.4,39.3,180.0,16.5,280.5,5.94,0.096,8.0,18.8,14,14,productivity_focused
46.0,12.4,319.5,0.4,13.6,391.9,7.94,0.424,2.9,56.7,6,54,gamer
70.3,63.8,0.0,90.1,58.6,282.8,6.07,0.168,12.9,31.8,8,50,mixed_user
96.3,87.6,163.7,102.6,80.1,530.3,10.09,0.108,11.3,37.9,14,43,mixed_user
19.1,40.3,20.0,231.9,33.0,344.3,6.99,0.122,5.3,27.9,12,24,productivity_focused
69.8,88.0,73.7,86.3,138.3,456.1,8.24,0.275,14.4,34.6,13,43,mixed_user
30.8,67.5,23.0,305.7,37.4,464.4,8.92,0.108,9.1,35.2,13,32,productivity_focused
73.2,70.2,0.0,13.9,110.2,267.5,5.65,0.141,5.5,25.4,10,40,content_consumer
84.2,330.8,18.9,34.1,26.2,494.2,9.55,0.25,11.7,5.5,89,15,social_butterfly
27.3,39.9,143.6,16.3,39.8,266.9,5.87,0.35,4.3,51.0,5,59,gamer
69.6,0.0,18.2,31.4,14.4,133.7,3.29,0.192,9.4,28.4,4,38,mixed_user
48.8,219.0,11.1,18.2,25.7,322.7,6.02,0.203,10.9,13.2,24,32,social_butterfly
114.4,70.3,3.3,49.6,106.6,344.2,6.92,0.104,10.8,39.7,8,64,content_consumer
207.7,34.7,14.4,14.8,76.6,348.2,6.53,0.282,10.3,38.1,9,64,content_consumer
90.1,97.3,13.2,102.2,52.8,355.6,6.7,0.227,10.6,28.8,12,29,mixed_user
119.0,46.0,22.4,11.5,83.9,282.8,5.89,0.283,6.1,19.0,14,56,content_consumer
175.5,52.4,17.9,17.0,57.5,320.3,6.26,0.183,5.4,13.6,23,24,content_consumer
71.4,0.0,326.5,8.8,50.0,456.7,8.24,0.357,4.4,83.2,5,14,gamer
112.2,240.4,34.1,3.2,61.6,451.5,8.47,0.247,11.0,18.0,25,14,social_butterfly
53.2,207.0,10.4,69.7,4.6,344.9,7.0,0.244,9.1,8.2,42,27,social_butterfly
48.0,291.9,47.1,16.9,41.5,445.3,8.62,0.225,9.0,18.8,23,40,social_butterfly
87.7,69.1,24.4,72.1,33.9,287.2,6.12,0.29,10.6,13.0,22,50,mixed_user
25.3,23.6,162.6,26.7,46.9,285.0,6.18,0.334,4.9,55.8,5,53,gamer
85.2,197.4,46.0,52.1,61.5,442.3,7.95,0.105,10.6,17.7,25,24,social_butterfly
35.0,9.6,0.0,165.3,29.1,239.0,4.64,0.124,9.4,14.0,17,27,productivity_focused
264.4,45.5,49.1,19.4,65.7,444.1,8.71,0.13,11.8,18.2,24,39,content_consumer
41.9,141.3,14.6,34.0,52.9,284.7,6.07,0.291,10.4,8.2,34,63,social_butterfly
62.9,252.3,11.4,37.2,40.6,404.2,7.31,0.153,6.4,16.0,25,15,social_butterfly
89.5,44.6,63.4,103.6,47.3,348.5,7.16,0.284,12.3,38.8,8,36,mixed_user
25.6,98.4,83.5,78.4,25.2,311.1,6.11,0.123,9.3,24.2,12,27,mixed_user
51.2,266.8,30.7,51.7,25.9,426.3,7.94,0.266,6.7,16.9,25,26,social_butterfly
66.6,32.2,225.9,2.4,69.9,397.1,8.0,0.36,3.0,44.6,8,32,gamer
29.6,45.6,199.5,14.3,1.9,290.9,5.63,0.363,2.8,82.5,3,32,gamer
44.3,133.6,35.2,26.0,0.0,239.1,5.19,0.191,5.0,20.0,11,43,social_butterfly
57.1,38.4,50.3,126.1,82.6,354.6,6.61,0.208,14.5,29.1,12,60,mixed_user
105.6,75.7,101.6,30.8,71.4,385.1,7.42,0.106,9.1,19.0,20,23,mixed_user
25.2,196.0,14.5,36.2,5.4,277.3,5.77,0.111,8.9,7.6,36,25,social_butterfly
197.7,236.0,32.5,6.8,61.4,534.3,9.66,0.239,6.1,17.3,30,14,content_consumer
43.0,33.6,81.4,73.0,74.1,305.1,5.68,0.285,8.9,22.0,13,55,mixed_user
63.4,146.8,26.8,30.8,24.9,292.7,5.78,0.176,7.7,13.7,21,17,social_butterfly
146.9,112.3,74.4,49.9,24.8,408.3,7.72,0.279,13.3,28.2,14,15,mixed_user
131.1,23.8,16.5,28.9,59.8,260.0,5.22,0.224,6.3,23.9,10,54,content_consumer
75.6,84.3,51.0,16.3,93.5,320.6,6.77,0.191,13.9,15.8,20,24,mixed_user
64.3,53.7,20.8,58.9,57.5,255.3,4.84,0.129,14.2,20.5,12,31,mixed_user
123.2,61.4,26.5,23.5,41.7,276.5,5.61,0.173,6.9,18.3,15,36,content_consumer
50.4,66.3,100.0,100.6,35.7,353.0,6.81,0.139,8.3,31.5,11,41,mixed_user
37.5,53.6,144.6,17.9,71.1,324.7,6.02,0.38,4.8,46.1,7,51,gamer
50.9,40.0,0.0,136.5,59.7,287.0,5.35,0.281,11.5,11.8,24,51,mixed_user
58.8,70.4,55.2,90.1,126.8,401.2,7.22,0.278,13.8,22.8,17,49,mixed_user
20.8,0.0,2.4,84.7,31.4,139.3,3.7,0.108,7.9,19.0,7,64,productivity_focused
46.6,28.9,20.5,163.2,4.9,264.1,5.29,0.124,7.4,27.6,9,43,productivity_focused
173.8,112.7,80.3,29.8,151.7,548.3,10.2,0.176,6.8,29.7,18,17,content_consumer
129.6,41.6,28.1,21.3,61.5,282.0,6.04,0.119,6.6,30.6,9,49,content_consumer
48.5,68.7,61.4,80.9,15.6,275.1,6.03,0.232,14.5,25.5,10,56,mixed_user
172.5,59.3,105.0,19.4,33.8,390.0,7.95,0.267,6.7,21.7,18,24,content_consumer
20.1,161.4,17.0,13.4,54.7,266.6,5.86,0.237,11.0,14.5,18,64,social_butterfly
30.3,18.3,3.1,211.6,15.7,279.0,5.34,0.141,11.0,17.0,16,51,productivity_focused
224.3,69.8,58.4,24.9,181.0,558.4,10.0,0.212,8.5,14.3,38,18,content_consumer
23.7,106.1,22.8,38.8,0.0,191.4,3.69,0.291,6.3,17.3,11,45,social_butterfly
139.7,76.0,3.4,17.3,98.4,334.8,6.91,0.154,10.2,12.6,26,49,content_consumer
21.8,10.8,14.0,143.0,5.7,195.4,3.93,0.088,6.8,37.6,5,58,productivity_focused
0.0,64.1,204.9,9.3,55.1,333.4,6.25,0.403,2.8,52.3,6,61,gamer
47.1,65.5,184.9,22.0,72.0,391.6,8.0,0.412,4.2,85.8,4,63,gamer
19.5,97.7,119.3,34.0,70.4,340.9,6.88,0.154,14.0,12.7,26,36,mixed_user
15.3,98.7,3.6,23.4,57.2,198.2,3.87,0.159,14.3,32.7,6,64,mixed_user
28.2,244.5,38.1,36.9,88.5,436.2,8.29,0.211,9.9,5.2,83,34,social_butterfly
77.2,230.3,16.1,22.7,72.8,419.0,7.77,0.248,5.0,8.4,49,40,social_butterfly
32.9,166.6,24.8,35.6,34.8,294.6,6.12,0.126,8.3,13.9,21,58,social_butterfly
41.3,99.2,6.8,55.9,35.3,238.6,4.57,0.272,11.9,38.3,6,51,mixed_user
245.1,66.3,34.0,19.9,69.3,434.5,8.73,0.245,8.1,35.1,12,36,content_consumer
86.5,26.9,266.7,9.9,26.0,415.9,8.22,0.362,4.0,78.4,5,21,gamer
312.0,43.0,45.8,19.6,83.7,504.0,9.38,0.22,11.0,26.9,18,24,content_consumer
42.7,153.9,14.9,0.0,33.1,244.6,5.54,0.12,10.8,13.5,18,22,social_butterfly
148.5,75.4,50.2,31.1,192.9,498.0,9.78,0.25,7.8,37.9,13,18,content_consumer
31.5,70.4,0.0,0.0,2.9,104.8,2.85,0.271,5.8,25.2,4,56,content_consumer
17.4,38.9,10.6,139.4,12.1,218.5,4.32,0.146,8.3,15.4,14,37,productivity_focused
12.8,69.0,248.2,36.2,43.2,409.3,7.83,0.436,2.0,49.2,8,40,gamer
77.8,232.2,14.8,55.0,61.3,441.2,8.23,0.183,6.2,10.7,41,31,social_butterfly
33.3,59.8,48.2,75.3,46.7,263.5,5.77,0.108,12.6,25.3,10,52,mixed_user
61.2,51.9,29.8,43.8,128.3,315.0,6.62,0.101,10.0,39.2,8,36,content_consumer
18.3,31.3,9.8,155.9,41.5,256.8,5.32,0.079,11.5,36.1,7,29,productivity_focused
80.2,139.6,3.8,27.3,24.3,275.2,5.5,0.159,8.8,19.0,14,35,social_butterfly
52.6,40.1,70.8,77.1,67.1,307.7,5.98,0.117,12.4,11.2,27,46,mixed_user
87.3,74.6,35.0,13.1,102.0,312.0,5.95,0.261,6.7,12.4,25,61,content_consumer
19.6,109.6,29.0,38.6,59.3,256.2,5.17,0.247,6.8,14.5,17,64,social_butterfly
63.8,0.0,497.3,19.7,35.2,616.0,11.41,0.437,3.9,82.7,7,23,gamer
69.9,23.1,82.8,13.9,79.6,269.3,5.54,0.432,2.5,66.1,4,47,gamer
127.7,58.9,18.6,20.4,66.7,292.3,5.83,0.23,5.6,12.7,22,46,content_consumer
17.1,72.3,53.5,96.9,40.5,280.2,5.82,0.278,9.8,12.0,23,40,mixed_user
215.0,71.1,16.3,27.2,63.2,392.7,7.37,0.239,8.4,12.1,32,22,content_consumer
49.4,128.8,0.0,11.2,51.9,241.3,5.01,0.284,5.9,16.6,14,62,social_butterfly
66.1,213.6,12.7,30.2,66.2,388.8,7.22,0.278,10.2,6.1,64,44,social_butterfly
17.1,11.3,34.8,61.3,6.4,130.8,3.57,0.262,11.2,21.9,5,63,mixed_user
81.1,306.6,0.0,56.7,102.4,546.7,10.17,0.251,6.6,12.0,45,16,social_butterfly
46.2,202.8,8.2,18.5,21.6,297.2,5.86,0.259,6.0,14.2,20,31,social_butterfly
43.7,30.6,284.0,11.9,45.1,415.3,7.86,0.307,5.0,88.1,4,29,gamer
20.6,0.0,8.9,186.4,19.8,235.8,5.29,0.067,9.4,21.8,10,60,productivity_focused
49.0,120.8,0.0,12.0,32.8,214.6,4.12,0.197,5.2,6.1,35,59,social_butterfly
33.3,46.6,24.1,148.6,26.5,279.1,5.29,0.103,8.9,20.2,13,33,productivity_focused
34.4,96.3,0.0,57.7,27.9,216.3,4.53,0.175,10.8,14.5,14,18,mixed_user
53.5,170.7,22.2,15.4,89.4,351.1,7.3,0.147,6.7,6.5,54,45,social_butterfly
60.9,57.4,153.7,8.2,63.7,343.9,7.18,0.416,4.5,70.5,4,44,gamer
72.0,34.9,4.1,117.2,27.5,255.6,5.52,0.068,9.6,21.7,11,39,productivity_focused
239.5,37.2,36.4,41.6,98.8,453.5,8.18,0.133,6.2,39.6,11,52,content_consumer
24.3,37.9,152.8,14.8,47.9,277.6,5.85,0.255,2.6,83.7,3,62,gamer
6.6,29.7,10.3,15.2,31.1,92.9,2.54,0.11,8.4,26.3,3,61,productivity_focused
77.4,108.8,24.1,11.9,79.3,301.5,5.94,0.211,7.0,11.9,25,61,social_butterfly
184.4,96.7,24.6,42.5,112.9,461.1,8.95,0.23,9.2,36.1,12,43,content_consumer
111.7,63.9,40.0,0.0,44.5,260.2,5.75,0.28,10.3,34.5,7,15,mixed_user
281.7,81.1,25.6,20.3,74.3,483.1,9.27,0.236,11.0,30.8,15,28,content_consumer
192.7,62.6,80.1,22.6,0.0,358.0,7.44,0.126,8.9,15.6,22,30,content_consumer
35.9,108.6,11.6,46.9,58.7,261.7,4.92,0.244,6.9,17.7,14,57,social_butterfly
19.6,129.8,13.3,54.8,40.0,257.5,5.49,0.265,7.9,16.2,15,60,social_butterfly
94.6,56.5,69.0,69.1,107.0,396.3,7.57,0.151,8.2,28.9,13,29,mixed_user
20.6,194.6,19.3,6.7,43.5,284.7,5.99,0.145,7.6,15.8,18,43,social_butterfly
13.4,70.2,11.7,267.3,32.5,395.1,7.98,0.139,7.1,15.3,25,39,productivity_focused
45.1,58.1,0.0,203.4,7.4,314.0,6.07,0.081,9.5,11.5,27,43,productivity_focused
77.0,113.3,76.8,34.9,120.4,422.3,8.43,0.181,13.9,36.5,11,39,mixed_user
53.8,4.3,27.6,7.8,42.3,135.8,2.93,0.228,8.1,36.7,3,62,mixed_user
110.3,83.5,286.6,35.5,39.4,555.3,10.38,0.31,5.3,54.9,10,20,gamer
32.2,36.5,20.3,312.1,34.0,435.0,8.5,0.079,8.9,32.2,13,44,productivity_focused
26.2,12.7,216.1,20.3,69.9,345.2,6.93,0.419,2.1,63.6,5,30,gamer
23.0,46.2,9.2,241.1,27.0,346.5,6.31,0.094,8.0,39.6,8,51,productivity_focused
64.9,16.2,358.0,8.6,91.4,539.1,9.67,0.25,2.8,69.9,7,31,gamer
119.0,47.8,16.4,11.1,87.1,281.3,5.2,0.232,6.7,32.5,8,60,content_consumer
56.6,138.4,22.0,14.6,63.8,295.2,6.04,0.176,11.5,8.4,34,30,social_butterfly
38.8,25.1,13.7,155.8,24.3,257.7,5.67,0.079,9.8,21.8,11,49,productivity_focused
77.3,243.3,17.7,17.7,22.1,377.9,6.91,0.15,5.7,11.5,32,45,social_butterfly
25.5,192.4,30.3,33.8,24.3,306.3,6.56,0.182,7.4,13.4,22,49,social_butterfly
304.7,70.9,27.9,38.6,31.9,474.0,9.13,0.193,5.8,29.4,16,44,content_consumer
22.9,147.3,6.3,64.6,15.4,256.4,5.66,0.158,8.0,19.8,12,52,social_butterfly
33.0,174.1,39.1,41.7,79.5,367.4,6.67,0.249,10.1,10.8,34,62,social_butterfly
19.3,52.8,12.7,55.7,96.1,236.6,4.93,0.279,10.3,33.5,7,49,mixed_user
5.4,10.2,11.1,232.4,17.8,276.8,5.79,0.074,9.5,31.4,8,56,productivity_focused
278.1,90.9,1.3,24.0,57.1,451.4,8.12,0.264,8.6,27.6,16,32,content_consumer
94.0,241.9,18.2,22.6,9.3,385.9,7.1,0.221,10.8,7.3,53,28,social_butterfly
335.5,103.1,43.0,17.1,85.0,583.7,10.49,0.281,10.0,16.0,36,19,content_consumer
40.6,102.3,38.8,20.4,65.2,267.3,5.09,0.146,8.2,18.6,14,39,social_butterfly
103.3,53.7,12.6,24.1,64.5,258.2,4.86,0.19,8.2,36.8,7,42,content_consumer
33.0,125.4,238.5,21.9,3.3,422.1,8.33,0.409,5.9,88.8,4,15,gamer
56.3,149.6,12.8,17.6,60.8,297.1,5.92,0.128,10.4,10.4,28,62,social_butterfly
397.1,110.1,38.7,14.9,66.0,626.7,11.51,0.126,10.1,26.0,24,17,content_consumer
1.3,100.5,89.6,60.6,83.7,335.6,6.62,0.246,11.9,14.0,23,35,mixed_user
50.2,173.1,57.0,36.7,8.3,325.3,6.42,0.225,10.2,9.7,33,15,social_butterfly
85.4,48.8,49.2,89.9,40.0,313.2,5.75,0.256,10.2,28.5,11,37,mixed_user
37.3,21.4,0.0,253.8,32.4,344.9,6.57,0.074,9.9,25.0,13,39,productivity_focused
80.6,87.7,31.7,0.0,44.2,244.2,4.93,0.261,9.7,29.8,8,18,mixed_user
71.0,70.4,79.5,90.8,82.1,393.8,7.46,0.124,12.8,27.0,14,13,mixed_user
16.4,21.4,0.6,162.2,47.3,247.9,5.58,0.081,8.9,21.4,11,47,productivity_focused
31.5,16.3,118.9,10.2,61.2,238.1,5.23,0.355,2.4,62.9,3,60,gamer
40.7,76.3,0.0,162.7,50.5,330.2,6.69,0.072,10.0,16.1,20,17,productivity_focused
39.3,190.1,8.8,17.2,0.0,255.4,5.66,0.164,7.4,6.6,38,38,social_butterfly
207.9,38.5,50.7,2.3,106.0,405.4,7.48,0.275,9.7,36.9,10,22,content_consumer
59.5,223.0,48.1,55.1,22.9,408.5,8.02,0.108,9.3,19.8,20,32,social_butterfly
46.4,31.4,16.5,153.5,9.2,257.0,5.33,0.057,8.3,32.3,7,30,productivity_focused
0.2,72.5,182.8,9.7,81.8,346.9,6.86,0.361,5.2,32.0,10,26,gamer
8.1,56.1,164.9,10.4,80.4,319.9,6.72,0.26,4.5,72.2,4,56,gamer
8.7,28.3,5.5,121.1,47.0,210.6,4.59,0.079,7.3,27.6,7,53,productivity_focused
99.9,51.4,20.9,34.5,22.0,228.7,4.4,0.253,9.0,20.7,11,61,content_consumer
44.9,139.9,28.9,77.3,4.0,295.2,5.42,0.113,8.2,7.0,42,60,social_butterfly
216.4,55.0,50.4,0.0,108.3,430.1,7.9,0.184,5.2,31.4,13,20,content_consumer
156.2,58.8,8.0,46.9,55.9,325.8,6.58,0.152,10.5,30.2,10,37,content_consumer
97.9,15.3,42.5,18.3,102.0,276.0,6.06,0.252,9.3,38.9,7,63,content_consumer
73.4,37.5,26.4,30.5,99.6,267.4,5.61,0.178,10.4,12.7,20,56,content_consumer
40.0,29.9,289.0,6.9,0.0,365.9,6.74,0.313,4.9,30.0,12,26,gamer
94.0,36.2,205.0,0.0,26.1,361.3,6.68,0.335,3.8,76.9,4,34,gamer
2.6,21.4,1.3,255.7,0.0,281.1,5.34,0.064,9.7,34.1,8,52,productivity_focused
52.2,59.2,5.6,170.6,0.0,287.6,5.58,0.116,7.0,12.4,23,19,productivity_focused
111.8,28.8,174.9,0.0,26.1,341.6,6.46,0.45,2.9,39.5,8,17,gamer
0.0,56.5,21.1,39.8,91.6,209.1,4.83,0.247,9.6,11.3,18,48,social_butterfly
33.2,34.3,20.5,145.9,28.2,262.1,5.36,0.138,6.6,38.5,6,35,productivity_focused
43.1,84.7,69.6,105.0,68.2,370.5,7.02,0.157,10.0,34.3,10,39,mixed_user
113.2,83.7,115.5,21.6,0.0,334.1,6.62,0.207,12.6,33.0,10,22,mixed_user
28.5,0.9,7.1,71.2,0.0,107.7,2.33,0.286,8.2,11.9,9,56,mixed_user
5.6,109.8,13.1,35.9,85.6,249.9,4.81,0.3,7.9,14.7,16,59,social_butterfly
64.2,110.2,43.1,38.7,42.3,298.6,5.95,0.192,8.5,16.2,18,51,social_butterfly
74.3,42.5,398.8,23.0,65.7,604.3,11.31,0.419,5.0,43.2,13,42,gamer
107.5,333.0,44.8,7.1,11.4,503.8,9.7,0.177,9.1,14.0,36,24,social_butterfly
38.8,250.5,77.9,5.1,51.2,423.6,7.81,0.266,7.9,16.0,26,27,social_butterfly
214.3,77.9,24.7,5.3,68.9,391.0,7.28,0.107,10.4,20.2,19,42,content_consumer
96.2,37.2,4.1,15.0,88.7,241.1,4.64,0.118,10.0,23.1,10,64,content_consumer
18.6,256.2,31.6,61.9,17.1,385.4,7.48,0.183,7.8,17.7,21,14,social_butterfly
34.6,208.2,21.1,21.7,0.0,285.5,5.5,0.16,7.3,10.9,26,45,social_butterfly
33.2,203.2,45.5,31.9,67.9,381.7,7.1,0.117,9.6,5.9,64,63,social_butterfly
67.0,35.3,376.8,12.1,38.5,529.7,9.39,0.271,4.8,55.1,9,25,gamer
51.7,23.2,152.2,9.4,7.9,244.5,4.61,0.359,3.6,41.1,5,41,gamer
97.3,186.0,24.9,21.7,19.0,349.0,6.89,0.289,11.1,15.3,22,39,social_butterfly
162.7,57.4,16.7,26.1,88.6,351.4,6.87,0.221,10.8,14.7,23,50,content_consumer
34.4,29.8,309.2,13.1,22.2,408.7,8.04,0.384,3.5,75.3,5,35,gamer
34.2,72.2,56.0,47.4,56.0,265.8,5.21,0.265,12.5,35.5,7,47,mixed_user
68.3,52.8,160.0,18.9,53.9,353.9,7.17,0.368,4.4,46.5,7,35,gamer
241.3,100.9,10.0,42.1,125.0,519.2,9.93,0.211,6.8,16.1,32,32,content_consumer
25.0,173.1,43.6,18.1,42.1,301.9,5.57,0.245,9.0,12.5,24,35,social_butterfly
84.8,18.7,196.3,28.4,2.2,330.3,6.69,0.424,4.3,36.9,8,50,gamer
125.5,56.4,141.5,59.0,92.4,474.8,9.13,0.215,11.0,22.5,21,19,mixed_user
33.4,34.5,7.9,203.1,32.8,311.8,6.41,0.07,8.5,23.9,13,38,productivity_focused
40.8,248.4,19.5,32.2,0.0,340.9,6.29,0.174,6.4,10.1,33,25,social_butterfly
76.8,20.7,217.5,18.6,38.5,372.0,6.8,0.39,4.1,39.5,9,62,gamer
174.0,37.2,21.1,11.5,115.5,359.3,7.21,0.241,8.9,22.1,16,35,content_consumer
2.0,0.0,9.2,208.4,50.7,270.3,5.94,0.074,8.9,29.8,9,56,productivity_focused
64.2,202.8,35.7,21.8,42.1,366.5,6.78,0.182,8.8,12.5,29,41,social_butterfly
244.3,20.9,16.9,4.3,103.6,390.1,7.11,0.254,7.4,14.0,27,45,content_consumer
4.3,110.1,10.7,44.0,24.3,193.5,4.29,0.186,10.0,15.9,12,58,social_butterfly
173.1,98.1,53.8,22.8,31.9,379.8,7.66,0.292,9.2,24.3,15,25,content_consumer
46.7,77.5,58.0,94.2,60.1,336.4,7.05,0.101,13.5,29.0,11,58,mixed_user
96.7,42.9,297.3,22.1,42.3,501.3,9.59,0.27,2.6,67.5,7,16,gamer
66.7,262.5,9.2,51.5,66.2,456.0,8.59,0.19,7.8,15.8,28,39,social_butterfly
29.8,48.1,77.3,44.1,51.0,250.4,5.18,0.166,9.0,18.7,13,41,mixed_user
23.6,173.2,49.5,56.2,41.3,343.8,7.05,0.268,8.3,13.6,25,17,social_butterfly
49.7,229.8,56.1,29.7,81.8,447.1,8.09,0.199,10.0,10.5,42,17,social_butterfly
42.7,53.4,105.8,6.2,70.4,278.5,6.03,0.448,2.7,84.3,3,55,gamer
61.7,123.6,4.0,19.9,45.2,254.4,5.05,0.169,12.0,16.3,15,59,social_butterfly
72.0,22.7,71.7,45.5,81.3,293.3,6.09,0.267,13.0,11.5,25,28,mixed_user
149.8,54.5,40.7,26.1,122.6,393.8,7.47,0.111,9.3,11.4,34,62,content_consumer
33.0,155.1,0.0,92.4,27.7,308.1,6.01,0.253,9.3,35.2,8,28,mixed_user
94.6,45.2,1.9,22.4,40.9,204.9,4.59,0.112,8.6,37.7,5,43,content_consumer
60.9,59.4,206.1,27.4,42.4,396.2,7.93,0.321,4.8,39.9,9,44,gamer
115.4,34.0,14.5,0.0,51.3,215.2,4.41,0.278,9.6,20.3,10,60,content_consumer
53.6,0.0,0.0,223.9,10.2,287.8,6.02,0.101,6.4,37.5,7,33,productivity_focused
62.9,51.2,98.6,107.6,42.0,362.2,6.62,0.137,10.4,15.4,23,28,mixed_user
46.2,104.8,4.0,181.8,30.6,367.4,7.57,0.111,5.5,30.9,11,17,productivity_focused
25.6,79.8,247.8,6.9,65.9,425.9,8.43,0.265,5.9,39.3,10,23,gamer
58.2,391.7,15.1,5.0,49.3,519.3,9.5,0.194,10.8,6.5,80,23,social_butterfly
57.8,61.3,29.3,182.3,42.8,373.5,6.8,0.103,10.8,22.1,16,39,productivity_focused
258.1,36.5,74.1,8.2,109.6,486.5,8.86,0.144,11.6,34.1,14,14,content_consumer
238.0,135.3,48.8,11.2,30.4,463.8,8.6,0.113,5.3,29.6,15,16,content_consumer
11.9,15.9,3.8,174.9,42.1,248.5,5.05,0.147,11.5,22.7,10,62,productivity_focused
19.7,190.2,27.5,0.0,12.9,250.3,5.37,0.233,8.1,5.3,47,63,social_butterfly
49.1,40.4,176.4,12.1,14.9,292.9,6.22,0.368,2.9,61.2,4,29,gamer
28.1,1.3,151.2,24.0,21.8,226.4,4.33,0.294,4.6,55.5,4,54,gamer
66.5,260.9,17.5,32.0,0.0,376.9,6.81,0.283,6.8,5.2,73,14,social_butterfly
50.5,128.3,33.5,0.0,59.0,271.2,5.55,0.14,11.8,19.1,14,47,social_butterfly
40.6,86.7,49.9,35.7,32.7,245.5,5.07,0.103,8.9,25.6,9,36,mixed_user
24.4,31.8,10.4,262.6,35.6,364.8,7.18,0.052,9.8,18.0,20,20,productivity_focused
46.2,19.8,7.0,258.8,24.3,356.0,6.66,0.075,5.0,31.8,11,26,productivity_focused
41.5,10.4,15.5,147.0,9.7,224.2,4.66,0.103,7.6,21.8,10,27,productivity_focused
13.9,28.3,2.1,166.2,26.3,236.8,4.45,0.075,11.1,38.0,6,57,productivity_focused
20.5,161.0,21.5,13.8,75.5,292.3,6.11,0.219,5.6,9.4,31,47,social_butterfly
104.3,0.0,49.3,110.5,13.0,277.1,5.87,0.195,10.6,10.4,26,19,mixed_user
65.5,154.4,30.1,35.9,24.1,310.1,6.08,0.117,5.4,13.6,22,40,social_butterfly
57.5,1.2,36.8,53.9,21.9,171.2,3.72,0.287,9.4,37.3,4,50,mixed_user
217.6,109.9,19.2,8.9,0.0,355.7,7.21,0.211,5.4,30.2,11,40,content_consumer
46.0,16.9,48.6,87.1,78.0,276.5,5.9,0.244,11.3,22.3,12,64,mixed_user
92.5,65.5,67.6,36.1,76.1,337.9,6.25,0.173,11.7,29.1,11,44,mixed_user
43.1,189.0,20.2,28.6,15.4,296.3,6.12,0.235,6.8,10.0,29,28,social_butterfly
63.6,206.0,0.0,38.9,33.3,341.8,6.52,0.251,8.4,13.2,25,40,social_butterfly
101.8,10.1,265.9,4.5,12.2,394.4,7.64,0.441,5.3,87.0,4,40,gamer
20.6,95.3,14.6,205.8,23.3,359.7,7.17,0.058,10.8,14.4,24,16,productivity_focused
0.0,40.0,13.0,200.5,22.4,276.0,5.47,0.126,8.5,10.4,26,49,productivity_focused
129.9,50.8,18.7,20.5,113.5,333.4,6.26,0.101,7.4,36.8,9,50,content_consumer
4.1,211.3,25.1,18.7,96.8,356.0,6.55,0.1,8.3,12.7,28,42,social_butterfly
198.9,47.9,24.8,5.9,73.0,350.5,6.59,0.25,5.6,20.1,17,57,content_consumer
202.6,28.0,19.8,20.9,103.0,374.3,7.29,0.244,5.4,13.2,28,51,content_consumer
35.4,19.2,4.2,236.6,49.0,344.4,6.48,0.103,8.4,20.2,17,51,productivity_focused
55.5,18.9,132.1,5.9,49.5,261.8,5.04,0.399,4.7,68.6,3,47,gamer
176.8,41.5,43.9,33.6,61.7,357.5,6.5,0.225,8.3,37.7,9,59,content_consumer
100.2,207.1,27.2,3.6,38.0,376.1,7.25,0.198,8.2,17.2,21,41,social_butterfly
6.6,41.7,0.0,60.2,20.7,129.3,3.17,0.185,13.1,30.4,4,31,mixed_user
43.3,22.5,204.3,14.6,42.8,327.4,6.14,0.31,5.9,70.0,4,56,gamer
22.2,108.7,8.0,20.5,55.3,214.6,4.24,0.226,11.8,15.5,13,62,social_butterfly
41.2,46.8,196.7,33.1,62.0,379.8,7.62,0.333,3.8,88.1,4,32,gamer
182.8,6.6,54.7,6.6,46.2,297.0,6.2,0.297,7.8,38.1,7,30,content_consumer
181.8,94.6,53.3,26.5,96.7,452.8,8.87,0.291,8.0,39.4,11,42,content_consumer
145.6,63.2,55.5,26.6,155.1,445.9,8.6,0.122,9.6,36.5,12,39,content_consumer
66.7,59.5,446.4,10.3,30.5,613.5,11.46,0.414,2.2,30.3,20,14,gamer
22.4,21.5,0.0,311.5,35.9,391.4,7.21,0.13,7.9,17.0,23,56,productivity_focused
30.6,0.6,325.6,12.5,47.3,416.6,7.59,0.3,4.3,38.5,10,33,gamer
32.1,24.2,0.0,329.6,51.2,437.1,7.89,0.094,9.4,36.4,12,61,productivity_focused
66.7,14.5,15.8,0.0,34.6,131.7,3.03,0.221,15.0,24.8,5,51,mixed_user
204.5,87.5,0.0,7.7,72.7,372.4,7.28,0.277,10.2,25.2,14,41,content_consumer
13.8,5.0,26.2,120.7,49.7,215.4,4.91,0.109,5.5,18.9,11,36,productivity_focused
119.5,25.5,2.5,23.8,176.7,348.0,6.63,0.159,5.6,29.3,11,57,content_consumer
18.7,15.8,239.8,3.8,43.7,321.8,6.69,0.402,4.5,86.7,3,46,gamer
81.9,51.9,27.0,19.4,118.7,298.8,6.01,0.103,8.7,27.2,11,34,content_consumer
188.9,105.6,57.1,64.5,0.0,416.2,8.4,0.15,8.1,38.1,10,31,mixed_user
107.3,58.7,246.5,0.0,42.5,455.1,8.69,0.257,3.7,57.2,7,38,gamer
109.4,59.0,197.4,20.2,24.0,409.9,8.11,0.349,4.4,89.5,4,28,gamer
207.5,104.0,32.6,11.1,16.4,371.7,6.78,0.218,7.2,19.6,18,33,content_consumer
14.3,18.5,5.1,79.5,5.1,122.5,3.12,0.115,9.0,20.0,6,33,productivity_focused
227.3,73.8,44.9,18.3,160.5,524.8,10.09,0.138,10.8,22.3,23,43,content_consumer
146.7,85.8,169.4,48.1,27.6,477.6,8.69,0.128,14.0,31.0,15,21,mixed_user
44.0,16.5,106.9,3.3,45.6,216.2,5.07,0.4,3.4,53.4,4,64,gamer
82.6,34.3,239.9,16.8,21.7,395.3,7.11,0.381,5.0,43.2,9,36,gamer
59.0,127.9,8.7,47.9,63.1,306.7,6.09,0.143,9.8,19.1,16,64,social_butterfly
53.1,114.6,40.0,70.9,15.5,294.1,5.68,0.213,9.0,10.1,29,59,mixed_user
4.5,243.1,26.2,33.5,58.1,365.3,7.03,0.213,6.0,18.9,19,21,social_butterfly
92.0,59.1,8.0,23.2,83.1,265.5,5.73,0.106,5.3,17.9,14,46,content_consumer
326.6,42.7,46.0,9.7,134.6,559.6,9.96,0.295,11.6,19.9,28,17,content_consumer
130.9,34.1,61.8,8.7,3.5,239.0,4.66,0.211,6.5,33.3,7,32,content_consumer
75.0,1.8,179.2,8.9,51.9,316.7,6.04,0.371,5.0,50.3,6,63,gamer
2.7,12.6,0.9,138.2,29.8,184.1,4.52,0.11,6.5,10.2,18,52,productivity_focused
37.2,54.0,22.1,0.0,13.2,126.5,3.28,0.144,7.4,17.3,7,28,social_butterfly
67.1,5.4,6.2,15.1,98.5,192.3,4.06,0.205,6.2,19.0,10,54,content_consumer
32.0,33.6,193.4,23.4,78.2,360.7,7.21,0.394,5.3,69.3,5,64,gamer
45.9,29.4,225.8,10.6,40.6,352.4,6.74,0.36,5.1,32.3,10,53,gamer
27.5,180.4,29.0,51.7,40.0,328.6,6.35,0.121,7.9,11.9,27,44,social_butterfly
139.6,45.0,40.4,28.6,43.6,297.2,6.3,0.113,7.1,23.5,12,29,content_consumer
73.2,25.8,119.0,27.5,62.9,308.5,6.4,0.307,3.4,66.7,4,18,gamer
69.6,54.5,35.9,41.6,97.5,299.2,5.98,0.182,8.0,34.2,8,61,content_consumer
27.4,202.9,28.4,16.7,51.9,327.3,6.63,0.196,6.6,8.8,37,30,social_butterfly
231.2,64.1,77.1,20.7,82.3,475.5,9.09,0.293,11.3,39.5,12,15,content_consumer
37.1,142.3,32.3,49.9,76.5,338.1,7.03,0.278,7.7,19.2,17,40,social_butterfly
29.3,182.7,35.9,9.5,61.2,318.5,6.57,0.276,6.8,17.0,18,36,social_butterfly
319.1,75.7,55.2,16.9,47.7,514.7,9.64,0.284,11.1,30.3,16,20,content_consumer
70.2,58.1,44.1,84.3,44.2,300.8,6.44,0.139,14.3,24.5,12,55,mixed_user
42.9,49.6,303.2,33.8,25.8,455.2,8.18,0.372,4.8,85.5,5,14,gamer
18.8,23.1,0.0,149.9,32.4,224.2,5.0,0.063,9.2,38.1,5,46,productivity_focused
129.1,32.3,6.3,29.7,80.5,277.7,5.35,0.154,8.7,22.2,12,36,content_consumer
32.5,216.0,0.0,9.3,0.0,257.8,5.27,0.212,7.3,12.1,21,42,social_butterfly
29.2,125.6,36.0,6.3,0.0,197.1,4.65,0.187,5.8,19.3,10,64,social_butterfly
85.5,182.8,42.1,53.1,35.7,399.3,7.93,0.165,9.6,10.5,38,33,social_butterfly
56.7,27.0,0.0,158.8,25.9,268.5,5.34,0.074,11.7,12.2,22,18,productivity_focused
36.2,14.9,224.2,7.8,51.7,334.8,6.29,0.375,4.2,65.6,5,58,gamer
49.8,265.3,41.9,35.3,49.5,441.9,8.54,0.118,7.5,5.9,74,23,social_butterfly
100.3,27.8,306.1,22.1,49.4,505.7,9.15,0.414,3.0,37.2,13,40,gamer
75.4,103.0,55.3,88.4,111.1,433.2,8.15,0.157,10.1,35.3,12,24,mixed_user
134.7,74.1,55.4,24.2,56.1,344.6,6.43,0.192,8.5,27.6,12,35,content_consumer
41.4,277.1,5.6,2.3,44.4,370.8,7.4,0.216,7.8,5.5,67,40,social_butterfly
110.3,133.7,44.0,75.8,76.1,439.9,8.04,0.276,12.2,34.5,12,31,mixed_user
30.1,29.0,0.0,210.2,27.1,296.5,5.49,0.121,5.3,10.3,28,58,productivity_focused
30.4,0.0,117.2,23.6,89.9,261.1,5.13,0.441,3.9,87.1,2,61,gamer
40.5,88.1,103.6,87.4,82.6,402.3,7.35,0.267,13.1,14.9,26,30,mixed_user
132.7,101.4,363.4,33.1,52.5,683.1,12.69,0.44,3.6,30.3,22,20,gamer
28.8,137.9,23.9,15.2,0.0,205.8,4.07,0.216,6.3,18.2,11,63,social_butterfly
37.6,65.5,5.6,260.1,38.4,407.0,7.57,0.054,9.6,28.4,14,30,productivity_focused
8.2,37.4,14.0,173.3,24.0,256.9,5.62,0.134,7.8,13.6,18,64,productivity_focused
55.8,169.5,28.9,45.4,83.8,383.4,7.49,0.206,5.7,15.1,25,36,social_butterfly
169.6,30.0,32.8,24.4,16.6,273.4,5.96,0.159,10.8,36.9,7,49,content_consumer
32.3,224.5,47.4,33.6,0.0,337.8,6.56,0.12,5.6,14.4,23,15,social_butterfly
55.0,160.6,31.8,22.7,17.6,287.7,5.9,0.163,9.0,7.5,38,43,social_butterfly
41.5,162.6,18.6,49.0,67.9,339.6,7.13,0.257,9.9,20.0,17,64,social_butterfly
75.4,207.8,6.1,5.4,42.7,337.3,6.98,0.179,11.6,11.0,30,27,social_butterfly
20.0,37.4,2.7,157.9,29.4,247.4,5.46,0.07,6.6,20.6,12,28,productivity_focused
32.7,31.8,8.3,168.6,0.0,241.4,4.95,0.145,10.7,30.4,7,51,productivity_focused
28.1,36.9,91.9,3.7,12.4,173.0,3.72,0.424,4.0,36.0,4,27,gamer
25.0,25.4,4.8,200.8,34.9,291.0,6.03,0.1,9.6,22.4,12,43,productivity_focused
135.8,53.7,21.5,16.6,9.7,237.2,5.27,0.259,7.7,35.1,6,48,content_consumer
56.0,72.6,47.7,73.7,38.8,288.7,5.53,0.164,9.9,12.0,24,46,mixed_user
175.3,5.3,16.4,0.0,22.4,219.5,4.74,0.282,9.9,33.0,6,51,content_consumer
79.3,155.5,35.3,97.4,46.7,414.1,7.81,0.157,11.0,11.6,35,13,mixed_user
135.0,83.2,21.3,29.3,116.1,384.9,7.27,0.239,6.6,37.2,10,39,content_consumer
191.9,31.0,16.5,16.7,83.2,339.4,6.91,0.29,7.0,27.1,12,26,content_consumer
34.3,33.8,9.3,182.6,32.0,292.0,5.84,0.106,7.6,28.0,10,38,productivity_focused
0.0,112.7,89.6,20.0,56.7,279.0,5.92,0.124,10.9,15.8,17,29,mixed_user
5.4,24.4,0.0,262.3,13.5,305.5,6.5,0.121,10.4,27.7,11,54,productivity_focused
33.0,104.7,22.0,43.0,28.1,231.0,4.86,0.167,10.7,18.0,12,64,social_butterfly
3.2,19.8,2.9,186.5,9.1,221.5,5.05,0.072,5.7,32.0,6,37,productivity_focused
36.4,31.3,6.1,113.1,20.0,207.0,4.43,0.15,11.3,27.3,7,60,productivity_focused
73.5,28.8,211.6,16.0,1.6,331.3,6.59,0.405,2.8,78.4,4,39,gamer
184.4,37.5,21.5,20.3,52.6,316.4,6.36,0.269,8.0,25.8,12,52,content_consumer
32.9,120.0,27.6,37.6,78.6,296.8,5.57,0.171,10.7,19.1,15,63,social_butterfly
44.0,52.6,20.6,229.4,2.8,349.4,6.79,0.133,11.0,24.7,14,36,productivity_focused
0.0,300.2,12.9,0.0,68.0,381.1,7.3,0.2,5.9,6.0,63,25,social_butterfly
87.7,71.2,49.1,57.5,87.5,353.0,7.11,0.284,9.7,32.0,11,25,mixed_user
24.8,40.7,5.2,83.6,16.9,171.2,4.21,0.119,6.3,33.8,5,37,productivity_focused
39.3,221.3,16.1,14.4,22.7,313.8,5.9,0.154,5.3,15.4,20,43,social_butterfly
152.0,109.2,54.5,50.0,51.1,416.8,7.6,0.162,12.3,23.3,17,16,mixed_user
58.5,90.3,18.7,27.8,60.7,256.0,5.23,0.233,9.1,9.1,28,62,social_butterfly
225.9,97.7,60.3,13.8,86.7,484.4,9.54,0.161,6.7,33.2,14,19,content_consumer
38.9,46.7,204.9,11.7,37.8,340.0,6.79,0.303,4.7,78.4,4,53,gamer
74.3,286.8,63.2,0.0,27.3,451.7,8.53,0.106,10.5,16.3,27,18,social_butterfly
91.1,233.1,66.0,22.9,34.7,447.8,8.95,0.146,10.1,12.6,35,19,social_butterfly
24.5,202.3,20.5,17.3,24.3,288.9,5.44,0.286,11.8,6.0,47,45,social_butterfly
48.6,131.3,19.7,3.1,86.2,288.8,5.37,0.14,6.8,16.2,17,51,social_butterfly
37.7,29.4,14.4,156.7,18.2,256.3,5.65,0.055,8.0,30.6,8,63,productivity_focused
77.9,280.3,18.7,5.8,28.6,411.2,8.19,0.17,6.6,13.7,30,13,social_butterfly
106.0,3.2,291.4,9.3,39.9,449.7,8.11,0.296,5.8,70.2,6,36,gamer
290.5,111.3,20.6,46.3,66.5,535.2,9.74,0.116,8.8,16.9,31,13,content_consumer
60.6,173.0,20.4,25.7,24.9,304.7,6.19,0.233,5.7,9.2,33,25,social_butterfly
80.1,46.5,47.2,87.5,79.2,340.4,7.14,0.259,14.5,36.8,9,63,mixed_user
20.5,28.1,7.0,157.5,0.0,213.1,4.73,0.105,10.5,24.6,8,61,productivity_focused
24.5,174.1,10.9,19.5,28.0,256.9,4.81,0.254,5.4,17.8,14,61,social_butterfly
82.0,59.0,79.0,87.8,90.9,398.7,7.36,0.207,11.7,34.7,11,16,mixed_user
76.6,65.5,45.8,61.0,93.6,342.5,6.33,0.134,12.2,30.1,11,27,mixed_user
3.7,169.4,31.4,57.3,51.9,313.7,6.07,0.102,11.2,12.4,25,63,social_butterfly
40.6,14.8,162.5,4.9,58.4,281.3,6.08,0.442,5.4,52.5,5,31,gamer
77.3,49.9,352.8,1.8,61.6,543.3,10.35,0.366,5.5,87.4,6,17,gamer
86.7,160.5,39.6,21.5,44.8,353.3,6.51,0.113,7.3,13.1,27,40,social_butterfly
31.1,194.3,47.0,23.1,75.7,371.1,6.94,0.11,10.4,19.3,19,31,social_butterfly
60.8,46.3,47.7,128.5,46.1,329.4,6.56,0.152,14.7,17.8,18,47,mixed_user
29.9,16.2,9.7,245.1,0.0,300.8,6.25,0.104,8.8,15.7,19,55,productivity_focused
160.6,49.0,23.5,5.7,66.4,305.1,6.56,0.287,8.6,35.8,8,54,content_consumer
71.4,49.6,25.7,76.4,21.9,245.0,4.76,0.077,6.1,27.3,8,19,productivity_focused
66.9,43.4,28.0,96.9,42.3,277.5,5.59,0.274,13.5,23.0,12,49,mixed_user
56.9,122.4,408.0,25.2,85.1,697.6,12.42,0.386,3.8,77.7,8,13,gamer
47.0,192.6,17.8,3.8,54.8,316.0,5.97,0.119,10.4,17.6,17,30,social_butterfly
62.9,82.7,66.7,7.4,48.7,268.5,5.06,0.164,8.5,36.2,7,51,mixed_user
38.6,54.9,7.7,177.7,22.3,301.3,5.52,0.069,6.0,27.4,10,45,productivity_focused
21.5,33.3,6.3,144.6,12.7,218.3,4.24,0.081,7.0,29.9,7,57,productivity_focused
60.1,33.4,236.8,19.3,74.2,423.8,8.47,0.383,4.6,62.9,6,54,gamer
33.7,0.0,407.3,15.5,34.4,490.8,9.07,0.282,4.7,62.0,7,20,gamer
4.4,66.5,2.4,173.4,51.2,298.0,6.02,0.098,9.2,36.9,8,41,productivity_focused
0.0,74.3,67.2,65.5,64.8,271.8,5.86,0.131,10.9,12.9,21,64,mixed_user
275.3,75.0,20.3,19.8,92.5,483.0,9.27,0.135,11.8,18.2,26,34,content_consumer
136.3,24.8,23.8,29.7,50.6,265.1,5.84,0.114,10.9,37.7,7,26,content_consumer
55.9,1.8,226.5,28.0,0.0,312.2,6.54,0.282,2.2,50.2,6,59,gamer
20.7,34.1,8.7,228.7,22.8,314.9,6.0,0.142,9.1,32.0,9,18,productivity_focused
36.9,63.3,308.7,3.7,76.0,488.5,9.36,0.408,3.6,49.0,9,21,gamer
13.6,37.5,7.8,167.0,26.9,252.8,5.27,0.067,5.8,16.6,15,27,productivity_focused
72.4,126.3,16.9,15.4,0.9,231.9,4.95,0.117,7.6,13.2,17,36,social_butterfly
38.1,20.3,113.3,24.9,63.8,260.3,5.21,0.383,4.2,56.0,4,52,gamer
40.7,218.6,45.4,12.4,10.7,327.8,6.34,0.139,9.8,18.5,17,31,social_butterfly
265.7,139.1,15.5,10.5,160.7,591.4,11.05,0.159,10.2,18.3,32,16,content_consumer
19.8,143.1,14.5,32.5,51.1,261.0,5.09,0.122,7.8,12.6,20,64,social_butterfly
110.7,42.2,55.1,127.6,14.6,350.2,6.55,0.222,8.8,20.6,17,17,mixed_user
168.8,14.8,18.5,31.3,65.4,298.7,6.33,0.278,11.2,12.5,23,57,content_consumer
35.2,19.8,265.8,2.0,12.7,335.6,6.66,0.375,4.1,54.0,6,45,gamer
47.0,58.4,154.4,27.3,52.7,339.7,6.33,0.442,2.8,75.3,4,64,gamer
45.6,62.5,53.1,44.2,67.5,272.8,5.15,0.204,14.1,21.9,12,37,mixed_user
81.4,294.0,33.2,42.0,43.3,493.8,9.7,0.18,8.7,19.1,25,33,social_butterfly
34.6,33.9,6.2,84.3,10.5,169.5,3.77,0.063,8.9,12.2,13,57,productivity_focused
41.2,206.7,51.1,6.0,17.7,322.8,6.41,0.215,7.0,11.3,28,17,social_butterfly
5.5,17.8,10.6,261.1,17.2,312.2,6.33,0.1,10.0,11.9,26,61,productivity_focused
226.7,49.9,58.7,15.9,75.8,427.1,8.4,0.204,9.9,36.0,11,15,content_consumer
27.1,263.8,32.7,19.7,53.1,396.3,7.34,0.296,10.9,11.2,35,44,social_butterfly
131.8,67.0,25.8,19.1,131.7,375.3,7.71,0.226,6.8,24.3,15,53,content_consumer
66.1,287.7,71.3,71.0,18.7,514.8,9.91,0.228,6.2,13.4,38,21,social_butterfly
51.9,71.6,20.9,50.7,98.3,293.3,5.77,0.264,12.2,28.3,10,58,mixed_user
32.8,45.5,118.7,12.1,35.0,244.2,5.55,0.381,3.9,72.1,3,40,gamer
13.5,179.8,9.2,20.8,36.1,259.5,5.29,0.186,10.8,5.3,49,26,social_butterfly
39.0,56.0,4.6,60.3,29.2,189.1,4.23,0.213,8.3,12.0,15,57,mixed_user
65.3,36.0,289.5,13.2,38.9,443.0,8.46,0.332,5.5,34.0,13,29,gamer
138.3,101.0,86.0,93.7,146.8,565.9,10.09,0.243,10.5,17.2,32,13,mixed_user
159.5,14.3,6.3,36.0,60.3,276.4,5.65,0.11,9.6,35.0,7,54,content_consumer
43.0,25.6,25.0,166.4,0.0,260.0,4.93,0.107,8.0,21.8,11,41,productivity_focused
48.0,68.0,119.4,134.7,0.0,370.0,6.85,0.216,12.4,35.2,10,26,mixed_user
186.8,75.7,21.4,9.9,98.4,392.2,7.52,0.163,11.9,33.5,11,25,content_consumer
88.4,16.7,31.1,26.8,64.5,227.5,4.44,0.105,14.8,38.9,5,40,mixed_user
71.9,147.8,0.1,14.8,0.0,234.6,5.04,0.155,11.1,18.4,12,31,social_butterfly
17.2,43.6,27.7,34.6,79.4,202.5,4.06,0.292,12.2,31.4,6,50,mixed_user
22.5,229.0,11.9,12.2,0.0,275.6,5.88,0.291,8.7,6.7,41,22,social_butterfly
80.3,46.3,315.9,11.1,70.2,523.8,9.88,0.357,3.9,31.2,16,38,gamer
72.3,60.0,75.6,19.1,86.9,313.9,6.21,0.246,9.6,11.5,27,33,content_consumer
38.8,50.0,223.0,28.3,18.0,358.0,6.85,0.312,2.8,51.8,6,53,gamer
17.7,54.7,24.7,160.6,35.7,293.5,5.65,0.091,10.2,10.1,29,14,productivity_focused
68.5,76.1,211.7,20.4,34.9,411.5,8.17,0.403,3.4,82.3,4,41,gamer
60.7,24.6,24.4,71.8,16.3,197.9,4.28,0.246,10.4,29.5,6,54,mixed_user
52.4,63.8,58.7,99.3,57.6,331.8,6.73,0.251,14.1,33.9,9,56,mixed_user
116.3,298.8,68.5,30.3,39.7,553.6,10.0,0.178,8.0,10.7,51,14,social_butterfly
52.9,44.1,24.0,169.6,24.4,315.0,6.37,0.133,5.2,11.9,26,39,productivity_focused
0.0,53.3,34.9,157.0,33.9,279.1,5.59,0.097,6.3,36.3,7,33,productivity_focused
47.3,59.4,490.7,18.4,39.1,654.8,12.27,0.382,5.1,78.9,8,14,gamer
21.5,52.3,99.0,68.2,77.6,318.6,6.61,0.164,9.4,25.3,12,15,mixed_user
165.9,42.1,0.6,12.3,134.1,355.1,7.25,0.112,11.9,15.6,22,20,content_consumer
53.4,40.0,63.4,102.4,52.3,311.4,5.74,0.232,14.3,20.4,15,55,mixed_user
217.8,42.3,5.2,14.0,77.9,357.2,6.97,0.217,11.7,16.9,21,40,content_consumer
34.9,141.6,25.4,59.9,45.0,306.8,5.93,0.299,10.4,19.6,15,50,social_butterfly
25.8,161.9,36.7,27.1,37.1,288.6,5.72,0.221,8.3,12.4,23,32,social_butterfly
242.0,14.4,39.5,30.4,76.3,402.6,7.51,0.165,6.8,13.4,29,27,content_consumer
83.8,88.8,19.9,0.0,140.2,332.7,6.89,0.241,9.5,26.7,12,54,content_consumer
71.5,98.8,12.9,160.7,35.0,379.0,7.41,0.106,6.5,15.4,24,14,productivity_focused
119.5,63.7,28.9,15.4,83.8,311.3,5.71,0.285,8.2,19.5,16,54,content_consumer
53.1,88.7,43.5,75.1,17.1,277.5,6.11,0.197,12.0,24.2,11,46,mixed_user
71.5,17.4,260.3,0.0,25.7,374.8,7.64,0.445,3.2,43.7,8,61,gamer
47.1,137.5,8.6,13.8,58.0,265.0,5.14,0.202,5.7,18.9,14,64,social_butterfly
37.4,9.3,156.1,4.5,62.5,269.9,5.78,0.381,5.4,37.8,7,47,gamer
15.1,111.5,9.4,36.4,7.1,179.6,3.82,0.119,7.6,9.2,19,46,social_butterfly
31.6,67.1,73.8,74.9,75.7,323.0,6.76,0.168,8.1,20.7,15,52,mixed_user
42.2,158.4,23.7,35.7,16.3,276.3,5.3,0.216,11.8,12.1,22,60,social_butterfly
11.3,14.5,12.2,166.5,30.0,234.5,4.66,0.062,9.5,38.3,6,43,productivity_focused
10.3,112.0,17.3,29.3,26.8,195.8,4.16,0.203,10.8,12.0,16,59,social_butterfly
18.9,32.4,0.0,169.6,18.9,239.8,5.03,0.142,6.1,16.3,14,24,productivity_focused
63.9,81.5,9.0,9.0,12.6,176.0,4.32,0.2,11.2,11.0,15,46,social_butterfly
163.6,40.1,11.4,16.2,174.1,405.3,8.04,0.284,10.4,35.2,11,13,content_consumer
47.3,129.8,13.1,8.1,30.8,229.1,4.42,0.224,5.3,17.8,12,28,social_butterfly
68.6,209.8,50.0,26.4,55.6,410.4,8.27,0.11,10.1,5.9,69,39,social_butterfly
46.1,36.0,12.1,207.8,10.3,312.3,6.47,0.136,10.2,10.7,29,26,productivity_focused
37.8,58.0,83.6,25.3,15.8,220.5,4.75,0.295,13.3,25.6,8,62,mixed_user
23.5,208.2,28.4,38.3,8.3,306.7,5.94,0.252,8.9,15.4,19,34,social_butterfly
43.3,26.2,6.4,123.3,21.6,220.9,5.1,0.071,8.4,33.7,6,19,productivity_focused
107.6,88.6,60.0,93.9,32.7,382.8,7.15,0.215,9.9,20.5,18,35,mixed_user
13.5,202.5,59.7,14.0,0.0,289.8,5.41,0.149,8.7,7.0,41,40,social_butterfly
27.4,73.1,39.6,24.3,56.8,221.2,4.86,0.231,8.9,24.0,9,41,content_consumer
48.5,0.0,4.8,210.7,21.7,285.7,5.51,0.068,9.2,13.6,20,62,productivity_focused
12.4,149.8,30.5,46.9,16.5,256.1,5.34,0.104,9.9,15.8,16,32,social_butterfly
90.3,72.3,229.7,25.1,80.1,497.5,9.09,0.308,3.7,36.4,13,20,gamer
45.6,56.2,53.6,24.2,99.1,278.7,5.79,0.127,11.5,32.7,8,34,mixed_user
115.6,32.6,162.7,3.6,55.0,369.4,7.22,0.396,4.4,33.6,10,26,gamer
39.3,58.2,33.6,96.6,40.7,268.5,5.81,0.272,11.5,24.2,11,53,mixed_user
43.3,236.0,57.6,31.6,47.0,415.7,7.79,0.212,9.4,11.3,36,22,social_butterfly
183.6,44.6,35.2,38.7,152.1,454.2,8.3,0.213,10.7,29.3,15,38,content_consumer
18.4,29.3,265.5,25.1,54.8,393.1,7.46,0.338,2.0,35.9,10,58,gamer
173.4,19.2,2.3,27.0,149.0,370.8,6.83,0.202,8.0,32.8,11,53,content_consumer
257.8,57.6,34.3,18.6,139.5,507.8,9.44,0.244,5.2,21.6,23,25,content_consumer
32.3,31.1,5.5,177.6,4.5,251.0,5.48,0.073,10.2,26.1,9,24,productivity_focused
64.9,162.2,35.7,41.6,40.0,344.4,6.94,0.186,11.2,17.1,20,25,social_butterfly
26.2,40.1,22.9,268.7,28.0,385.9,6.95,0.063,9.4,27.5,14,45,productivity_focused
19.4,43.0,32.4,28.0,57.6,180.3,4.49,0.198,13.0,30.3,5,29,mixed_user
52.6,19.4,112.6,13.7,17.8,216.2,4.37,0.261,2.1,32.4,6,62,gamer
55.7,52.0,52.2,75.8,85.0,320.7,6.37,0.167,9.3,29.8,10,61,mixed_user
109.0,63.4,343.1,20.1,83.0,618.5,11.17,0.405,2.4,37.0,16,17,gamer
27.5,26.1,175.3,29.7,86.8,345.4,6.69,0.395,4.9,67.3,5,64,gamer
111.5,78.9,46.0,145.3,51.3,433.1,7.9,0.241,11.2,20.4,21,22,mixed_user
32.5,58.1,104.8,27.5,27.1,250.0,4.81,0.342,2.7,38.6,6,53,gamer
8.0,49.4,339.1,3.2,35.0,434.6,7.86,0.259,6.0,79.0,5,13,gamer
21.7,89.4,78.4,0.0,30.0,219.5,4.24,0.176,13.0,13.2,16,41,mixed_user
27.7,159.4,35.7,33.7,30.8,287.3,5.68,0.29,8.7,5.5,52,33,social_butterfly
85.2,71.8,290.9,11.6,15.4,474.9,8.91,0.432,3.5,58.1,8,19,gamer
25.0,177.7,12.7,56.5,0.0,272.0,6.01,0.198,11.1,9.9,27,64,social_butterfly
37.8,153.4,39.7,0.0,73.2,304.2,6.22,0.282,8.5,13.0,23,19,social_butterfly
69.7,34.0,2.8,170.6,44.0,321.1,6.0,0.118,11.2,31.0,10,36,productivity_focused
36.5,183.1,22.1,25.5,34.1,301.3,6.16,0.256,9.1,19.0,15,34,social_butterfly
82.7,81.4,68.4,96.6,31.9,361.0,7.37,0.136,13.9,16.6,21,23,mixed_user
54.3,120.4,28.0,29.6,9.1,241.5,5.41,0.165,6.3,15.0,16,59,social_butterfly
16.5,25.3,182.9,31.5,27.4,283.6,5.87,0.254,4.9,59.6,4,33,gamer
34.5,5.3,24.5,132.6,43.8,240.7,5.19,0.102,8.4,22.1,10,42,productivity_focused
174.6,24.5,62.1,36.0,89.8,387.0,7.06,0.116,7.8,11.3,34,45,content_consumer
25.0,57.7,28.8,144.0,23.0,278.6,5.97,0.089,7.0,13.7,20,23,productivity_focused
112.0,98.6,64.9,93.6,59.4,428.5,8.15,0.151,11.9,19.2,22,20,mixed_user
32.5,50.8,234.6,0.0,78.3,396.2,7.26,0.436,4.7,62.5,6,58,gamer
150.5,4.8,18.2,28.9,98.7,301.0,5.76,0.187,6.7,16.0,18,20,content_consumer
39.0,25.6,193.8,21.6,0.0,279.9,5.84,0.253,5.9,42.0,6,56,gamer
125.2,39.4,29.6,27.3,130.2,351.7,7.1,0.272,8.1,33.2,10,51,content_consumer
0.0,55.1,36.1,161.2,6.3,258.7,5.35,0.079,10.7,38.2,6,22,productivity_focused
156.7,63.2,21.6,14.5,55.4,311.4,6.37,0.197,7.1,32.6,9,30,content_consumer
34.7,161.3,33.0,7.9,64.5,301.4,6.33,0.19,7.9,16.4,18,16,social_butterfly
186.9,67.2,39.9,11.1,32.8,337.9,6.81,0.173,11.0,25.1,13,60,content_consumer
14.0,6.2,0.9,157.4,10.4,188.9,4.57,0.091,5.8,36.5,5,53,productivity_focused
133.9,66.0,39.2,25.3,36.5,300.9,5.98,0.199,7.0,26.9,11,41,content_consumer
74.5,44.8,20.7,18.2,85.7,244.0,4.64,0.23,5.5,17.7,13,56,content_consumer
73.5,87.5,250.6,22.8,15.0,449.4,8.31,0.353,4.3,31.1,14,19,gamer
19.1,190.7,68.4,32.4,26.2,336.7,7.06,0.267,10.1,18.3,18,42,social_butterfly
81.5,14.0,57.9,25.2,61.9,240.5,5.29,0.184,10.7,25.1,9,17,mixed_user
8.0,41.9,21.3,180.3,38.8,290.4,5.59,0.071,9.9,32.2,9,27,productivity_focused
56.6,349.5,35.5,23.7,48.2,513.4,9.37,0.217,6.2,5.8,89,33,social_butterfly
23.8,42.4,8.9,220.0,29.8,324.9,6.17,0.1,8.3,36.0,9,36,productivity_focused
127.7,101.4,68.8,31.9,98.5,428.3,7.82,0.255,11.4,21.0,20,39,mixed_user
44.0,64.6,7.0,240.6,41.4,397.7,7.54,0.08,8.3,29.9,13,23,productivity_focused
36.8,43.7,13.6,176.4,39.8,310.4,6.42,0.095,7.5,27.4,11,18,productivity_focused
185.0,50.0,23.4,21.2,91.6,371.2,6.73,0.28,5.8,17.3,21,36,content_consumer
158.0,86.2,0.0,0.0,141.2,385.4,7.0,0.18,5.4,15.6,24,60,content_consumer
27.6,41.9,424.4,3.5,27.6,525.0,9.73,0.252,3.3,40.6,12,25,gamer
55.4,180.3,41.0,46.7,6.3,329.7,6.46,0.168,9.6,14.9,22,23,social_butterfly
77.0,316.1,65.6,16.0,48.6,523.4,10.07,0.175,6.8,10.0,52,23,social_butterfly
37.5,207.6,25.4,62.9,36.0,369.3,7.03,0.216,7.1,19.3,19,20,social_butterfly
37.0,65.1,0.0,191.0,27.6,320.8,6.12,0.117,6.4,26.8,11,28,productivity_focused
0.0,180.5,12.9,72.6,56.7,322.8,6.4,0.138,8.8,6.8,47,59,social_butterfly
50.0,35.4,69.6,69.3,48.2,272.6,5.45,0.228,9.4,37.1,7,64,mixed_user
159.0,73.5,6.4,18.9,123.5,381.4,6.96,0.292,8.8,24.2,15,44,content_consumer
65.2,90.7,44.3,33.6,2.8,236.7,5.06,0.285,11.5,29.6,7,26,mixed_user
97.5,43.5,40.0,17.8,72.7,271.5,5.1,0.179,10.8,29.5,9,28,mixed_user
8.9,351.7,49.2,0.0,45.4,455.2,8.49,0.3,6.7,15.4,29,22,social_butterfly
204.6,17.4,35.9,43.2,42.6,343.6,6.3,0.17,6.3,26.1,13,17,content_consumer
74.6,356.4,46.2,46.2,47.4,570.8,10.66,0.168,9.9,12.9,44,16,social_butterfly
22.6,9.6,36.6,21.2,17.7,107.7,2.33,0.101,12.4,23.5,4,15,mixed_user
91.3,65.0,34.8,55.0,19.8,266.0,5.61,0.116,5.0,22.0,12,25,content_consumer
339.3,83.4,19.8,2.3,156.5,601.3,10.95,0.266,10.9,38.3,15,30,content_consumer
28.1,28.1,13.8,293.2,12.3,375.6,7.31,0.093,5.8,25.0,15,39,productivity_focused
15.0,36.3,0.7,131.1,7.7,190.8,3.99,0.055,7.8,24.5,7,51,productivity_focused
22.5,304.3,28.4,14.5,56.1,425.7,8.06,0.296,10.6,5.5,77,30,social_butterfly
24.6,25.2,0.0,130.1,59.2,239.2,4.83,0.146,8.4,27.2,8,58,productivity_focused
147.6,82.4,26.7,13.6,32.9,303.2,6.38,0.294,8.9,12.3,24,51,content_consumer
15.4,50.7,8.4,210.2,25.9,310.6,5.86,0.059,6.3,19.9,15,22,productivity_focused
23.9,51.8,115.3,27.3,86.6,305.0,5.99,0.374,5.8,69.8,4,20,gamer
54.8,125.2,70.2,111.7,13.9,375.8,6.8,0.117,13.7,31.2,12,30,mixed_user
138.1,34.5,24.4,47.6,55.0,299.5,6.15,0.191,11.9,18.6,16,58,content_consumer
21.4,36.5,13.0,237.8,45.6,354.4,6.65,0.074,8.0,33.2,10,58,productivity_focused
14.8,43.7,197.7,21.3,23.4,300.9,6.03,0.441,3.8,69.6,4,29,gamer
55.8,148.0,105.5,19.4,41.5,370.2,7.22,0.297,12.6,28.3,13,24,mixed_user
6.6,21.6,11.2,93.1,17.5,150.1,3.81,0.109,9.8,30.4,4,57,productivity_focused
122.1,61.1,371.8,0.0,106.9,661.8,11.99,0.337,3.9,49.4,13,33,gamer
0.0,27.5,99.4,14.4,37.6,178.9,4.11,0.417,3.2,44.9,3,57,gamer
63.8,19.5,62.3,48.9,52.1,246.5,5.38,0.148,9.7,21.3,11,51,mixed_user
44.8,373.3,33.5,51.5,48.7,551.8,10.16,0.223,11.9,9.5,57,15,social_butterfly
25.7,308.1,45.6,35.9,35.1,450.4,8.18,0.154,8.5,9.5,47,22,social_butterfly
222.6,58.0,28.1,5.3,104.7,418.7,7.51,0.252,11.2,26.1,16,45,content_consumer
206.4,64.5,146.9,89.4,32.2,539.3,10.27,0.177,13.3,38.5,14,19,mixed_user
51.0,230.2,47.7,26.9,26.5,382.3,6.97,0.191,10.9,15.0,25,26,social_butterfly
34.5,103.8,31.4,36.7,59.3,265.9,5.63,0.136,10.4,5.7,46,63,social_butterfly
43.2,39.7,7.0,184.5,8.2,282.6,5.6,0.082,8.8,18.6,15,42,productivity_focused
99.0,108.7,70.4,28.2,79.3,385.6,7.58,0.155,13.7,36.6,10,44,mixed_user
100.5,180.4,38.1,40.2,19.2,378.4,7.72,0.138,5.6,9.1,41,24,social_butterfly
57.5,125.2,13.2,29.9,68.3,294.1,5.65,0.278,9.0,19.0,15,48,social_butterfly
108.0,268.2,0.0,26.5,25.3,428.0,7.77,0.27,10.6,6.4,66,36,social_butterfly
64.2,15.0,4.7,21.4,78.6,183.9,4.1,0.165,11.2,33.9,5,56,content_consumer
33.4,302.5,11.6,56.7,58.8,463.0,8.25,0.219,8.7,10.7,43,13,social_butterfly
126.9,24.0,10.9,15.1,79.3,256.2,5.7,0.149,7.4,27.5,9,54,content_consumer
99.1,279.1,39.0,34.8,33.5,485.5,9.47,0.272,5.2,10.6,45,18,social_butterfly
124.3,60.0,36.5,8.5,77.2,306.5,5.89,0.209,5.8,20.0,15,53,content_consumer
55.4,364.8,18.9,31.2,75.5,545.7,10.17,0.144,10.0,18.3,29,15,social_butterfly
196.2,82.6,26.5,4.8,42.6,352.8,6.45,0.132,8.7,19.9,17,28,content_consumer
150.7,160.3,60.8,37.1,63.2,472.1,8.94,0.249,8.2,39.2,12,34,mixed_user
31.8,219.4,53.0,36.3,65.9,406.4,7.95,0.191,10.7,6.6,61,14,social_butterfly
31.9,188.5,28.4,47.1,53.7,349.6,6.79,0.25,5.2,7.3,48,52,social_butterfly
64.0,96.2,187.7,30.1,61.5,439.4,8.58,0.318,2.7,89.3,4,16,gamer
41.6,196.7,17.7,34.3,37.6,327.9,6.54,0.224,7.5,6.9,47,40,social_butterfly
219.8,103.3,51.8,35.6,98.1,508.6,9.62,0.29,8.1,18.6,27,17,content_consumer
202.4,83.0,29.8,20.5,62.7,398.4,7.61,0.256,9.6,24.0,16,15,content_consumer
65.3,13.7,113.4,22.4,20.5,235.3,4.98,0.326,5.9,57.1,4,64,gamer
147.1,45.3,19.3,5.2,90.7,307.7,6.59,0.127,11.8,14.7,20,55,content_consumer
125.4,11.4,49.6,13.9,82.6,282.9,5.47,0.211,10.7,29.1,9,49,content_consumer
48.7,178.6,3.5,73.8,10.5,315.0,6.61,0.107,5.9,10.7,29,38,social_butterfly
54.4,97.0,49.9,70.5,39.0,310.9,6.45,0.274,9.6,22.0,14,54,mixed_user
3.6,14.8,124.1,18.5,61.1,222.2,4.56,0.286,2.3,79.4,2,50,gamer
258.4,116.7,25.9,7.6,69.5,478.1,9.17,0.19,6.4,26.3,18,19,content_consumer
23.8,169.8,0.2,59.4,78.1,331.3,6.38,0.299,8.1,16.8,19,64,social_butterfly
47.6,12.1,17.1,40.5,58.1,175.4,4.3,0.176,8.6,25.7,6,29,mixed_user
102.9,51.5,54.4,113.0,69.9,391.7,8.02,0.259,13.9,17.8,22,26,mixed_user
12.6,183.9,29.9,52.7,13.7,292.8,5.77,0.227,9.4,18.7,15,54,social_butterfly
69.9,65.7,20.9,11.2,67.2,234.9,4.7,0.281,5.2,18.8,12,61,content_consumer
53.5,32.1,171.5,2.3,10.5,269.9,5.54,0.283,3.9,75.0,3,48,gamer
244.6,69.3,48.6,20.2,94.8,477.5,8.81,0.259,11.6,21.3,22,22,content_consumer
47.6,79.3,38.2,47.4,99.5,312.1,6.12,0.176,8.9,23.7,13,28,mixed_user
59.6,49.0,39.4,0.0,48.2,196.1,4.61,0.135,11.7,27.5,7,54,content_consumer
24.6,14.4,2.6,227.2,24.9,293.7,5.72,0.079,9.3,31.9,9,64,productivity_focused
0.0,199.1,43.0,32.6,74.2,348.8,7.15,0.152,7.2,6.1,57,43,social_butterfly
46.5,46.6,256.9,13.1,75.0,438.1,8.65,0.372,4.6,46.3,9,38,gamer
112.0,49.1,6.8,30.9,88.7,287.6,5.46,0.263,6.2,10.5,27,63,content_consumer
30.3,84.4,0.0,108.3,38.7,261.6,4.9,0.1,10.1,10.9,23,61,mixed_user
277.9,81.9,73.6,37.4,88.8,559.6,10.19,0.243,7.5,16.4,34,21,content_consumer
100.2,55.5,0.4,53.1,60.8,270.0,5.26,0.285,8.8,26.6,10,45,content_consumer
37.2,31.6,8.9,239.5,0.0,317.1,6.18,0.095,11.9,11.6,27,56,productivity_focused
28.9,37.1,179.9,11.6,55.5,313.0,6.12,0.413,4.0,84.2,3,53,gamer
66.1,58.0,41.2,49.8,87.3,302.3,5.7,0.201,8.7,24.0,12,36,mixed_user
27.7,289.3,35.2,78.2,52.3,482.7,8.93,0.225,6.6,11.2,43,18,social_butterfly
0.0,216.1,1.5,33.0,42.3,293.0,5.72,0.214,8.0,18.5,15,37,social_butterfly
29.7,36.2,248.1,8.1,36.6,358.7,7.08,0.254,5.2,81.6,4,53,gamer
10.2,0.0,0.5,161.4,24.1,196.3,4.71,0.112,5.2,32.9,5,40,productivity_focused
42.4,38.3,30.8,92.7,62.6,266.8,5.66,0.236,13.7,24.9,10,63,mixed_user
93.6,69.2,35.0,72.6,44.9,315.3,6.0,0.268,13.5,15.3,20,28,mixed_user
41.2,14.7,0.0,173.9,3.3,233.1,4.9,0.124,8.4,32.2,7,34,productivity_focused
40.6,132.5,0.0,23.6,81.7,278.3,5.98,0.175,8.5,10.7,26,56,social_butterfly
9.8,37.9,9.6,180.0,37.8,275.1,5.63,0.093,10.8,23.1,11,56,productivity_focused
209.3,44.9,5.5,26.7,169.2,455.6,8.73,0.295,8.1,20.6,22,25,content_consumer
24.2,50.7,2.1,236.0,28.0,341.1,7.08,0.059,7.9,38.9,8,30,productivity_focused
58.4,208.1,83.7,26.6,72.3,449.2,8.87,0.203,7.0,9.3,48,15,social_butterfly
85.9,115.7,37.6,27.2,111.6,377.9,7.68,0.267,9.8,37.2,10,30,content_consumer
84.4,102.4,68.9,31.3,18.3,305.3,6.38,0.29,8.8,13.9,22,21,social_butterfly
117.8,28.1,26.6,45.6,126.7,344.8,6.28,0.248,9.8,34.2,10,55,content_consumer
33.1,36.4,4.6,221.3,0.0,295.4,5.69,0.089,8.9,12.1,24,29,productivity_focused
22.1,142.4,29.8,14.7,45.7,254.8,5.18,0.151,6.9,9.3,27,56,social_butterfly
41.2,7.9,7.6,180.6,32.9,270.2,5.66,0.086,8.1,20.7,13,38,productivity_focused
47.1,40.6,22.7,180.9,16.5,307.8,5.68,0.095,10.1,31.8,9,34,productivity_focused
23.1,104.9,12.1,14.0,36.1,190.2,4.05,0.149,5.2,10.5,18,56,social_butterfly
110.6,69.0,269.9,19.5,53.0,522.0,9.83,0.267,2.7,42.1,12,37,gamer
126.2,136.5,123.7,82.4,65.7,534.5,9.65,0.218,9.2,29.5,18,17,mixed_user
93.6,256.7,34.1,38.3,36.7,459.4,9.01,0.262,6.7,18.2,25,26,social_butterfly
62.8,20.8,49.8,26.9,60.1,220.4,4.99,0.218,8.7,34.6,6,51,content_consumer
72.1,290.4,57.3,23.0,23.9,466.6,9.25,0.119,8.3,5.3,87,23,social_butterfly
51.0,78.0,15.5,114.7,17.4,276.5,5.94,0.098,9.1,25.3,10,20,productivity_focused
60.2,30.5,128.2,23.2,54.2,296.3,5.96,0.379,2.1,89.4,3,59,gamer
47.5,51.1,196.1,15.6,69.2,379.4,7.18,0.259,3.5,74.4,5,56,gamer
85.8,80.2,79.4,96.3,90.1,431.8,8.36,0.151,10.0,26.0,16,28,mixed_user
31.5,24.2,51.4,100.3,36.3,243.7,5.31,0.108,11.5,20.8,11,52,mixed_user
53.5,34.1,206.9,0.0,60.2,354.6,6.63,0.295,3.3,49.8,7,31,gamer
76.6,7.1,245.9,21.0,78.6,429.0,8.37,0.431,4.9,44.1,9,28,gamer
42.5,78.1,24.3,59.3,19.3,223.6,4.59,0.266,9.1,18.7,11,50,social_butterfly
3.5,140.1,89.5,117.9,70.3,421.3,7.91,0.101,14.8,29.3,14,22,mixed_user
57.8,29.3,144.9,9.6,34.3,275.9,5.82,0.309,5.2,64.0,4,27,gamer
38.6,37.4,24.4,105.3,23.0,228.6,4.43,0.064,5.9,35.9,6,29,productivity_focused
63.7,15.5,138.2,11.8,59.9,289.0,5.88,0.364,4.4,73.7,3,56,gamer
27.0,48.3,0.0,188.7,18.9,282.9,5.62,0.111,6.3,27.8,10,63,productivity_focused
23.1,111.1,24.2,41.7,8.8,208.9,4.36,0.267,5.5,10.1,20,51,social_butterfly
72.6,115.5,14.3,40.1,68.2,310.7,6.42,0.243,11.4,23.8,13,28,mixed_user
0.0,124.0,68.6,18.1,58.0,268.7,5.86,0.212,7.6,12.2,22,19,social_butterfly
56.5,174.2,51.3,60.9,40.8,383.9,7.41,0.209,9.4,6.8,56,38,social_butterfly
60.7,1.1,13.7,145.2,38.0,258.6,5.54,0.085,6.2,17.4,14,26,productivity_focused
167.7,55.8,15.8,0.0,60.6,299.9,6.2,0.199,8.2,24.1,12,58,content_consumer
96.6,65.3,70.2,13.4,65.6,311.1,6.6,0.128,9.5,16.1,19,49,mixed_user
84.5,221.9,26.3,0.0,63.7,396.3,7.33,0.129,10.0,10.0,39,16,social_butterfly
110.0,37.6,436.5,14.6,54.8,653.5,12.03,0.294,5.1,70.3,9,14,gamer
115.3,170.7,0.0,40.7,66.1,392.8,7.19,0.206,11.8,10.6,37,15,social_butterfly
53.4,48.3,33.8,24.3,153.4,313.2,6.0,0.107,8.1,38.0,8,26,content_consumer
0.0,34.9,288.6,25.5,0.0,349.0,6.39,0.281,3.6,33.9,10,30,gamer
8.1,117.7,19.3,76.2,21.4,242.7,4.97,0.165,8.7,7.0,34,63,social_butterfly
31.8,288.6,50.2,34.2,20.0,424.8,8.45,0.171,5.6,7.1,59,14,social_butterfly
145.2,0.0,50.0,12.8,187.6,395.5,8.03,0.276,8.7,24.4,16,48,content_consumer
95.8,38.5,48.7,27.9,119.8,330.6,6.49,0.24,6.3,31.9,10,46,content_consumer
72.5,32.7,117.2,96.6,52.9,371.9,7.63,0.199,13.5,26.9,13,43,mixed_user
47.3,81.4,38.4,26.5,98.6,292.2,5.9,0.247,12.8,38.8,7,25,mixed_user
5.8,27.8,4.0,262.9,40.7,341.3,7.09,0.128,8.2,33.6,10,54,productivity_focused
239.3,95.8,54.6,13.1,108.0,510.7,9.63,0.23,11.0,24.9,20,22,content_consumer
80.5,37.5,234.3,19.6,67.0,439.1,8.14,0.391,5.9,64.8,6,45,gamer
16.5,61.5,1.4,250.8,49.4,379.5,7.78,0.053,9.9,38.6,9,37,productivity_focused
0.0,56.5,1.2,186.3,0.0,244.0,4.7,0.052,7.4,13.1,18,49,productivity_focused
73.1,28.9,31.6,45.0,61.5,240.2,4.58,0.116,14.9,29.5,8,56,mixed_user
181.9,73.4,18.2,26.9,167.5,467.8,9.11,0.123,8.4,38.8,12,32,content_consumer
46.8,11.2,190.1,22.9,27.7,298.7,5.77,0.426,4.6,57.9,5,57,gamer
165.2,33.0,41.0,29.5,106.3,375.0,7.29,0.187,5.7,14.1,26,48,content_consumer
23.7,26.0,5.4,169.5,58.5,283.1,5.7,0.068,7.3,19.1,14,62,productivity_focused
65.2,247.1,39.3,36.3,0.0,388.0,7.96,0.215,9.4,5.2,75,40,social_butterfly
36.2,0.5,3.3,134.4,43.4,217.8,4.84,0.094,6.8,27.4,7,57,productivity_focused
35.4,107.4,51.4,17.9,31.6,243.7,5.19,0.145,11.4,5.4,45,37,social_butterfly
9.1,147.3,8.1,36.2,94.0,294.7,5.99,0.241,11.8,11.1,26,46,social_butterfly
29.4,175.9,21.4,43.0,26.2,295.9,5.67,0.186,9.6,8.5,34,57,social_butterfly
120.5,58.6,24.7,0.0,63.7,267.6,5.5,0.102,8.3,20.6,12,52,content_consumer
29.3,156.1,23.8,30.2,42.0,281.3,5.89,0.118,6.3,15.4,18,28,social_butterfly
0.0,88.5,79.0,121.1,31.4,320.0,6.32,0.256,9.1,20.0,15,41,mixed_user
51.4,67.1,134.1,77.2,59.6,389.4,7.62,0.215,12.1,28.4,13,23,mixed_user
12.0,2.5,10.8,198.1,39.2,262.5,5.3,0.077,9.6,21.0,12,23,productivity_focused
5.7,39.3,4.8,185.5,49.5,284.8,5.82,0.053,11.2,29.3,9,62,productivity_focused
72.7,278.8,49.6,42.4,42.4,486.0,9.41,0.174,5.5,19.4,25,17,social_butterfly
72.6,259.2,19.9,13.7,38.5,403.9,7.49,0.186,8.8,8.0,50,19,social_butterfly
